-- phpMyAdmin SQL Dump
-- version 4.4.15.10
-- https://www.phpmyadmin.net
--
-- Gép: localhost
-- Létrehozás ideje: 2020. Ápr 17. 16:58
-- Kiszolgáló verziója: 5.5.60-MariaDB
-- PHP verzió: 5.4.16

SET SQL_MODE = "NO_AUTO_VALUE_ON_ZERO";
SET time_zone = "+00:00";


/*!40101 SET @OLD_CHARACTER_SET_CLIENT=@@CHARACTER_SET_CLIENT */;
/*!40101 SET @OLD_CHARACTER_SET_RESULTS=@@CHARACTER_SET_RESULTS */;
/*!40101 SET @OLD_COLLATION_CONNECTION=@@COLLATION_CONNECTION */;
/*!40101 SET NAMES utf8mb4 */;

--
-- Adatbázis: `finance`
--

-- --------------------------------------------------------

--
-- Tábla szerkezet ehhez a táblához `catalogue`
--

CREATE TABLE IF NOT EXISTS `catalogue` (
  `id` int(11) NOT NULL,
  `seller` varchar(100) NOT NULL,
  `category_id` int(11) NOT NULL,
  `site_id` int(11) NOT NULL,
  `address` varchar(100) NOT NULL,
  `discount_rate` varchar(23) NOT NULL DEFAULT 'egyéb',
  `valid_from` date DEFAULT NULL,
  `valid_till` date DEFAULT NULL,
  `active` tinyint(4) NOT NULL DEFAULT '0',
  `uploaded_at` timestamp NOT NULL DEFAULT CURRENT_TIMESTAMP,
  `url` varchar(100) NOT NULL,
  `description` text
) ENGINE=InnoDB AUTO_INCREMENT=251 DEFAULT CHARSET=utf8;

--
-- A tábla adatainak kiíratása `catalogue`
--

INSERT INTO `catalogue` (`id`, `seller`, `category_id`, `site_id`, `address`, `discount_rate`, `valid_from`, `valid_till`, `active`, `uploaded_at`, `url`, `description`) VALUES
(1, '​Diófa Vendéglő', 1, 6, '8000 Székesfehérvár, Kadocsa u. 32/a', 'egyéb', NULL, NULL, 1, '2019-09-06 06:25:24', 'http://www.diofaetterem.hu/', NULL),
(2, 'Bakony Taxi Egyesület', 2, 1, 'Veszprém', 'egyéb', NULL, NULL, 1, '2019-09-06 06:25:24', 'http://www.bakonytaxi.hu/', NULL),
(3, 'Borháló Veszprém', 1, 1, '8200 Veszprém, Kossuth Lajos u. 5', '10%', NULL, NULL, 1, '2019-09-06 06:25:24', 'https://www.borhalo.com/veszprem', NULL),
(4, 'Johnny''s Bistro Veszprém', 1, 1, '8200 Veszprém\r\nKossuth Lajos u 21.', '10%', NULL, NULL, 1, '2019-09-06 06:25:24', 'http://www.johnnys.hu/veszprem/', NULL),
(5, 'Fricska', 1, 1, '8200 Veszprém, Miklós u. 10', '10%', NULL, NULL, 1, '2019-09-06 06:25:24', 'https://www.facebook.com/Fricskaetteremlakas/', NULL),
(6, 'BORzsongó Veszprém', 1, 1, '8200 Veszprém, Szent István u. 43', '15%', NULL, NULL, 1, '2019-09-06 06:25:24', 'https://www.facebook.com/borzsongo/', NULL),
(7, 'Pizzéria-Lucifer II. Söröző', 1, 1, '8200  Veszprém, Török Ignác u. 16', '10%', NULL, NULL, 1, '2019-09-06 06:25:24', 'http://www.luciferpizzeria.hu/', NULL),
(8, 'Móres Bárkonyha', 1, 7, '6720 Szeged, Híd utca 6.', '10%', NULL, NULL, 1, '2019-09-06 06:25:24', 'www.moresbarkonyha.hu/', NULL),
(9, 'Makkos Bistro', 1, 7, '6723 Szeged, Makkosházi krt 6.', 'egyéb', NULL, NULL, 1, '2019-09-06 06:25:24', 'www.facebook.com/Makkos-Bisztr%C3%B3-1188895331189603/', NULL),
(10, 'Magyaros Ételbár', 1, 7, '6724 Szeged, Árkád bevásárlóközpont', '20%', NULL, NULL, 1, '2019-09-06 06:25:24', 'www.facebook.com/etelbar.magyaros/', NULL),
(11, 'Kertész Csárda', 1, 6, '8000 Székesfehérvár, Iszkaszentgyörgyi út 2.', '10%', NULL, NULL, 1, '2019-09-06 06:25:24', 'http://www.kerteszcsarda.hu/', NULL),
(12, 'Salvator Bajor Étterem', 1, 6, '8000 Székesfehérvár, Ányos Pál u. 3.', '15%', NULL, NULL, 1, '2019-09-06 06:25:24', 'http://www.salvatoretterem.hu/', NULL),
(13, 'Rosetta Étterem', 1, 6, '8000 Székesfehérvár, Szent István tér 14.', '10%', NULL, NULL, 1, '2019-09-06 06:25:24', 'https://rosetta.hu/', NULL),
(14, 'Copy Fehérvár\r\n', 4, 6, '8000 Székesfehérvár, Palotai út 25.', '10%', NULL, NULL, 1, '2019-09-06 06:25:24', 'http://www.copyfehervar.hu/', NULL),
(15, 'Decathlon', 6, 1, '8000 Székesfehérvár, Holland fasor 3.', 'egyéb', NULL, NULL, 1, '2019-09-06 06:25:24', 'https://www.decathlon.hu/', NULL),
(16, 'Eubycar sofőrszolgálat', 2, 4, 'Budapest', '10%', NULL, NULL, 1, '2019-09-06 06:25:24', 'www.facebook.com/eubycar/?ref=ts&amp;fref=ts', NULL),
(17, 'Láng Autó Kft.', 2, 4, '1138 Budapest, Váci út 156.', '30%', NULL, NULL, 1, '2019-09-06 06:25:24', 'www.langauto.hu/', NULL),
(18, 'PistiVisz', 2, 5, 'Budapest, Debrecen', '10%', NULL, NULL, 1, '2019-09-06 06:25:24', 'pistivisz.webnode.hu/kapcsolat/', NULL),
(19, 'Praktiker', 17, 5, 'Budapest, Debrecen, Szeged, Pécs', '10%', NULL, NULL, 1, '2019-09-06 06:25:24', 'www.praktikerwebshop.hu/', NULL),
(20, 'Indiso Speleo sóterápia', 3, 5, 'Budapest, Debrecen, Szeged', '15%', NULL, NULL, 1, '2019-09-06 06:25:24', ' indiso.hu/', NULL),
(21, 'Postershop.hu ', 4, 5, 'Budapest, Debrecen és online', '10-15%', NULL, NULL, 1, '2019-09-06 06:25:24', 'www.postershop.hu/', NULL),
(22, 'Deboti Vitorlás Sportegyesület', 5, 5, '3433 Nyékládháza, Zsálya utca 5.', '10%', NULL, NULL, 1, '2019-09-06 06:25:24', 'deboti.iwk.hu/', NULL),
(23, 'Fővárosi Cirkusz', 5, 4, '1146 Budapest, Állatkerti krt. 12/a.', '25%', NULL, NULL, 1, '2019-09-06 06:25:24', 'fnc.hu/', NULL),
(24, 'Krea-Túra Hegymászás', 5, 4, '1112 Budapest, Kérő u. 6. FSZ.', 'egyéb', NULL, NULL, 1, '2019-09-06 06:25:24', 'krea-tura.hu/', NULL),
(25, 'Aphrodite Hotel Zalakaros', 6, 5, '8749 Zalakaros, Sport u. 10.', '50%', NULL, NULL, 1, '2019-09-06 06:25:24', 'www.wellnesshotelaphrodite.hu/', NULL),
(26, 'Balneo Hotel Zsori  ', 6, 5, '3400 Mezőkövesd, Fülemüle utca ', 'egyéb', NULL, NULL, 1, '2019-09-06 06:25:24', 'www.balneohotel.hu/', NULL),
(27, 'Balneum Hotel', 6, 5, '5350 Tiszafüred, Húszöles út 27. ', '10%', NULL, NULL, 1, '2019-09-06 06:25:24', 'balneum.hu/', NULL),
(28, 'Baglas Vendégház - Jacuzzival a Balatonnál', 6, 5, ' 8713 Kéthely, Jókai utca 6.', '8%', NULL, NULL, 1, '2019-09-06 06:25:24', 'baglasvendeghaz.ewk.hu/', NULL),
(29, 'Erdőspuszta Club Hotel Debrecen ', 6, 5, '4002 Debrecen, Diószegi - Panoráma út', 'egyedi', NULL, NULL, 1, '2019-09-06 06:25:24', 'www.erdospuszta-clubhotel.hu/', NULL),
(30, 'Erzsébet Park Hotel Parádfürdő', 6, 5, '3244 Parádfürdő, Kossuth Lajos út 372.', '10%', NULL, NULL, 1, '2019-09-06 06:25:24', 'www.erzsebetparkhotel.hu/', NULL),
(31, 'Eurovelo6 Stop', 6, 5, '6320 Solt, Árnyas utca 34.', '15%', NULL, NULL, 1, '2019-09-06 06:25:24', 'www.booking.com/hotel/hu/eurovelo6-stop.hu.html', NULL),
(32, 'Grand Tours Utazási Iroda', 6, 5, '4024 Debrecen, Vár u. 10.', '8%', NULL, NULL, 1, '2019-09-06 06:25:24', 'www.grandtours.hu/', NULL),
(33, 'Főnix Üdülőház', 6, 5, '8621 Zamárdi, Batthyány u. 30.', '5%', NULL, NULL, 1, '2019-09-06 06:25:24', 'www.fonixudulohaz.hu/', NULL),
(34, 'Hercegasszony Birtok', 6, 5, '5400 Mezőtúr, Hercegasszony útja 1.', '12%', NULL, NULL, 1, '2019-09-06 06:25:24', 'hercegasszony.hu/', NULL),
(35, 'Hotel Atlantis', 6, 5, '4200 Hajdúszoboszló, Damjanich u. 10.', '10%', NULL, NULL, 1, '2019-09-06 06:25:24', 'hotelatlantis.hu/', NULL),
(36, 'Hotel Azúr Siófok', 6, 5, '8600 Siófok, Erkel Ferenc utca 2/C.', '5%', NULL, NULL, 1, '2019-09-06 06:25:24', 'www.hotelazur.hu/hu/azur', NULL),
(37, 'Hotel Vécsecity   ', 6, 5, '3874 Hernádvécse, Béke tér', ' egyedi', NULL, NULL, 1, '2019-09-06 06:25:24', 'vecsecity.hu/', NULL),
(38, 'Maja Apartman', 6, 5, '5700 Gyula, Szent László u. 1.', '12%', NULL, NULL, 1, '2019-09-06 06:25:24', 'www.majaapartman.hu/', NULL),
(39, 'Malom Hotel Debrecen', 6, 5, '4027 Debrecen, Böszörményi út 1.', '15%', NULL, NULL, 1, '2019-09-06 06:25:24', 'www.malomhoteldebrecen.hu/', NULL),
(40, 'Puchner Birtok és Kastélyszálló', 6, 5, '7346 Bikal, Rákóczi u. 22.', '10%', NULL, NULL, 1, '2019-09-06 06:25:24', 'puchner.hu/', NULL),
(41, 'Residence Conference & Wellness Hotel', 6, 5, '8600 Siófok, Erkel Ferenc u. 49.', '20%', NULL, NULL, 1, '2019-09-06 06:25:24', 'balaton.hotel-residence.hu/hu/', NULL),
(42, 'Residence Conference & Wellness Hotel', 6, 5, '3233 Mátraháza, Üdülőtelep 2.', '20%', NULL, NULL, 1, '2019-09-06 06:25:24', 'ozon.hotel-residence.hu/hu/', NULL),
(43, 'Thermál Hotel Visegrád', 6, 5, '20025 Visegrád, Lepence-völgy hrsz.:1213', '10%', NULL, NULL, 1, '2019-09-06 06:25:24', 'thv.hu/', NULL),
(44, 'Teleki-Degenfeld Kastélyszálló', 6, 5, ' 3044 Szirák, Petőfi u. 26.', '20%', NULL, NULL, 1, '2019-09-06 06:25:24', 'www.kastelyszirak.hu/hu/', NULL),
(45, 'Vital Hotel Nautis Balaton', 6, 5, '2483 Gárdony, Holdfény sétány 9.', '15%', NULL, NULL, 1, '2019-09-06 06:25:24', 'www.hotelnautis.hu/', NULL),
(46, 'Aquasana', 7, 5, '6000 Kecskemét, Szirom utca 32/B', '9%', NULL, NULL, 1, '2019-09-06 06:25:24', 'www.vizbaratok.hu/', NULL),
(47, 'Géczy Gábor pszichológus', 7, 5, 'Budapest, Debrecen, Szeged', '10%', NULL, NULL, 1, '2019-09-06 06:25:24', 'lelekor.hu/kapcsolat/', NULL),
(48, 'Jázmin Thai Masszázs Szalonok', 7, 5, 'Budapest, Debrecen', '20%', NULL, NULL, 1, '2019-09-06 06:25:24', 'www.jazmin-thai-masszazs.hu/', NULL),
(49, 'Matrackuckó', 7, 5, 'Budapest, Debrecen, Pécs, Szeged', '10%', NULL, NULL, 1, '2019-09-06 06:25:24', 'www.agy-matrac.hu/', NULL),
(50, 'Minden Nőnek', 7, 5, '1103 Budapest, Gyömrői út 150.', '15%', NULL, NULL, 1, '2019-09-06 06:25:24', 'www.mindennonek.hu/', NULL),
(51, 'PiroPanni', 7, 5, '4002 Debrecen, Rőzse 13.', '10%', NULL, NULL, 1, '2019-09-06 06:25:24', 'facebook.com/piropanni', NULL),
(52, 'Szalmás Photo', 7, 5, '3571 Alsózsolca, Rózsa utca 11.', '10%', NULL, NULL, 1, '2019-09-06 06:25:24', 'szalmasphoto.hu/', NULL),
(53, 'Zema Ékszer', 7, 5, '4090 Polgár, Hősök út 107.', 'egyéb', NULL, NULL, 1, '2019-09-06 06:25:24', 'www.zemajewels.hu/', NULL),
(54, 'Avalon Autókölcsönző és Autójavító', 2, 4, '1142 Budapest, Tengerszem u. 106', '20%', NULL, NULL, 1, '2019-09-06 06:25:24', 'www.avalon-service.hu/', NULL),
(55, 'Carcare', 2, 4, '1117 Budapest, Gábor Dénes u. 2 Infopark ', '10%', NULL, NULL, 1, '2019-09-06 06:25:24', 'www.carcare.hu/', NULL),
(56, 'Cribmoto Szerviz', 2, 4, '1116 Budapest, Hengermalom út 15-17.', '10%', NULL, NULL, 1, '2019-09-06 06:25:24', 'www.facebook.com/cribmoto/', NULL),
(57, 'Dentinn fogászat', 3, 4, '1097 Budapest, Vaskapu u. 10-14. A. ép. 103', '10%', NULL, NULL, 1, '2019-09-06 06:25:24', 'www.facebook.com/DENTINN', NULL),
(58, 'VitaHelp', 3, 4, ' 1125 Budapest, Zsolna utca 27.', '10%', NULL, NULL, 1, '2019-09-06 06:25:24', 'www.vitahelp.hu/', NULL),
(59, 'Viza Optika ', 3, 4, '1138 Budapest, Viza utca 7/A (B103.)', '10%', NULL, NULL, 1, '2019-09-06 06:25:24', 'www.vizaoptika.hu/kapcsolat/', NULL),
(60, 'Nightingale Optics  ', 3, 4, '1027 Budapest, Fő utca 62-64.', '10%', NULL, NULL, 1, '2019-09-06 06:25:24', 'csaloganyoptika.hu/home/', NULL),
(61, 'Napi Masszás', 3, 4, '1117 Budapest', '10%', NULL, NULL, 1, '2019-09-06 06:25:24', 'www.facebook.com/napimasszazsbudapest/', NULL),
(62, 'Füvész Bár', 1, 4, '1072 Budapest, Nagy Diófa utca 25.', '15%', NULL, NULL, 1, '2019-09-06 06:25:24', 'www.facebook.com/FuveszBar', NULL),
(63, 'Nestlé Shop', 1, 4, '1097 Budapest, Lechner Ödön fasor 7.', '20%', NULL, NULL, 1, '2019-09-06 06:25:24', 'www.nestle.hu/info', NULL),
(64, 'CrossFit Trafo', 8, 4, '1089 Budapest, Korányi Sándoru. 3/b.', '10%', NULL, NULL, 1, '2019-09-06 06:25:24', 'www.crossfittrafo.com/', NULL),
(65, 'RX Nation', 8, 4, '1134 Budapest Kassák Lajos u. 78.', '10%', NULL, NULL, 1, '2019-09-06 06:25:24', 'rxnation.hu/', NULL),
(66, 'BarCraft', 5, 4, '1065 Budapest Bajcsy Zsilinszky u. 59.', '20%', NULL, NULL, 1, '2019-09-06 06:25:24', 'barcraft.hu/index', NULL),
(67, 'Gepida Factory Store', 5, 4, '1134 Budapest, Bartók Béla út 39. ', '5-20%', NULL, NULL, 1, '2019-09-06 06:25:24', 'gepida.hu/store/', NULL),
(68, 'M&M Bike Hungary Kft.', 5, 4, '1131 Budapest, Reitter Ferenc u. 158.', '10%', NULL, NULL, 1, '2019-09-06 06:25:24', 'mmbike.hu/', NULL),
(69, 'Oktogon Tánc Centrum  ', 5, 4, '1062 Budapest, Aradi u. 1. (Oktogon)', '10%', NULL, NULL, 1, '2019-09-06 06:25:24', 'tanciskola.hu/', NULL),
(70, 'TandT Sport', 5, 4, ' 1037 Budapest, Csillaghegyi út 36.', '20%', NULL, NULL, 1, '2019-09-06 06:25:24', 'tandtsport.hu/', NULL),
(71, 'Bad Chicken VR Center', 5, 4, '1068 Budapest Váci út 1-3. (WestEnd)  ', '30%', NULL, NULL, 1, '2019-09-06 06:25:24', 'www.nelegyelcsirke.hu/', NULL),
(72, '4 Side Copy', 7, 4, '1191 Budapest, Áruház 1-3', '10%', NULL, NULL, 1, '2019-09-06 06:25:24', 'www.4sidecopy.hu/', NULL),
(73, 'Vadas János Coach', 7, 4, '1024 Budapest Margit körút 29/A', '20%', NULL, NULL, 1, '2019-09-06 06:25:24', 'www.vadasjanos.hu/', NULL),
(74, 'A hely', 1, 3, '4032 Debrecen, Jerikó u. 9-11.', '10%', NULL, NULL, 1, '2019-09-06 06:25:24', 'www.facebook.com/pg/ahelydebrecen/about/?ref=page_internal', NULL),
(75, 'Barabás Étterem', 1, 3, '4024 Debrecen Vár utca 11.', '10%', NULL, NULL, 1, '2019-09-06 06:25:24', 'www.barabasetterem.hu/', NULL),
(76, 'Belga', 1, 3, '4024 Debrecen, Piac u. 29.', '10%', NULL, NULL, 1, '2019-09-06 06:25:24', 'belgaetterem.hu/', NULL),
(77, 'Borháló Debrecen', 1, 3, '4026 Debrecen, Péterfia utca 29.', 'egyéb', NULL, NULL, 1, '2019-09-06 06:25:24', 'www.borhalo.com/debrecen-peterfia', NULL),
(78, 'Campus Étterem', 1, 3, '4028 Debrecen, Kassai út 26.', '10%', NULL, NULL, 1, '2019-09-06 06:25:24', 'campusetterem.hu/', NULL),
(79, 'Derby Pub', 1, 3, '4024 Debrecen, Piac utca 11.', '10%', NULL, NULL, 1, '2019-09-06 06:25:24', 'www.facebook.com/DERBY-PUB-318856034967339/timeline/', NULL),
(80, 'Desszert Álom Tortaműhely', 1, 3, '4031 Debrecen, Széchenyi u. 80.', '10%', NULL, NULL, 1, '2019-09-06 06:25:24', 'www.facebook.com/tortamuhelydebrecen/', NULL),
(81, 'Don Pepe', 1, 3, '4031 Debrecen, Kishegyesi út 1.', '20%', NULL, NULL, 1, '2019-09-06 06:25:24', 'www.donpepe.hu/', NULL),
(82, 'Döner Ételbár', 1, 3, '4025 Debrecen, Segner tér 7/a', '10%', NULL, NULL, 1, '2019-09-06 06:25:24', 'doneretelbar.hu/', NULL),
(83, 'Eat Up Ételbár', 1, 3, '4025 Debrecen, Hatvan utca 8-10.', '10%', NULL, NULL, 1, '2019-09-06 06:25:24', 'www.eatup.hu/', NULL),
(84, 'Fandango Sport Pub', 1, 3, '4027 Debrecen, Ibolya u. 1.', '15%', NULL, NULL, 1, '2019-09-06 06:25:24', 'fandangosportpub.hu/', NULL),
(85, 'Garda Étterem - Pizzéria ', 1, 3, '4032 Debrecen', '10%', NULL, NULL, 1, '2019-09-06 06:25:24', 'www.gardapizza.hu/', NULL),
(86, 'Govinda Étterem', 1, 3, '4028 Debrecen, Magyari utca 2.', '15%', NULL, NULL, 1, '2019-09-06 06:25:24', 'www.govindadebrecen.hu/', NULL),
(87, 'Hotel Platán', 1, 3, '4030 Debrecen, Somlyai út 10.', '15%', NULL, NULL, 1, '2019-09-06 06:25:24', 'platanhotel.eu/', NULL),
(88, 'Hotel Óbester', 1, 3, '4026 Debrecen, Péterfia u. 49.', '10%', NULL, NULL, 1, '2019-09-06 06:25:24', 'hotelobester.hu/', NULL),
(89, 'Király Pizza Debrecen', 1, 3, '4002 Debrecen, Köntös Gát sor 8.', 'egyéb', NULL, NULL, 1, '2019-09-06 06:25:24', 'kiralypizza.com/kapcsolat/', NULL),
(90, 'Kismandula Cukrászda', 1, 3, '4024 Debrecen, Liszt Ferenc u. 10.', '10%', NULL, NULL, 1, '2019-09-06 06:25:24', 'www.kismandula.hu/', NULL),
(91, 'Krúdy Étterem', 1, 3, '4032 Debrecen, Medgyessy sétány 4.', '10%', NULL, NULL, 1, '2019-09-06 06:25:24', 'www.villahotel.hu/', NULL),
(92, 'Kurucz Hentes és Lacipecsenye', 1, 3, '4029 Debrecen, Csapó utca 102.', '10%', NULL, NULL, 1, '2019-09-06 06:25:24', 'kurucz.hu/', NULL),
(93, 'Leroy Cafe', 1, 3, '4024 Debrecen, Csapó u. 30 (Fórum)', '10%', NULL, NULL, 1, '2019-09-06 06:25:24', 'www.leroydebrecen.hu/', NULL),
(94, 'Mandula Café', 1, 3, '4026 Debrecen, Bethlen utca 46.', '10%', NULL, NULL, 1, '2019-09-06 06:25:24', 'kismandula.hu/', NULL),
(95, 'Mandula Cukrászda', 1, 3, '4024 Debrecen, Ember Pál u. 23.', '10%', NULL, NULL, 1, '2019-09-06 06:25:24', 'kismandula.hu/', NULL),
(96, 'Marbell Bistro', 1, 3, '4025 Debrecen, Révész tér 2.', '10%', NULL, NULL, 1, '2019-09-06 06:25:24', 'www.facebook.com/marbellbistro/?fref=ts', NULL),
(97, 'Maszek Utcabár', 1, 3, '4025 Debrecen, Simonffy utca 2/A', '10%', NULL, NULL, 1, '2019-09-06 06:25:24', 'www.maszekdebrecen.hu/', NULL),
(98, 'Mázli Tortaműhely', 1, 3, '4031 Debrecen Trombitás u. 12.', '10%', NULL, NULL, 1, '2019-09-06 06:25:24', 'www.facebook.com/email/unreachable/%23!/mazlitorta?fref=ts', NULL),
(99, 'Melange', 1, 3, '4032 Debrecen, Egyetem sgrt. 56.', '10%', NULL, NULL, 1, '2019-09-06 06:25:24', 'melangekavehaz.hu/', NULL),
(100, 'Pálma Étterem', 1, 3, '4028 Debrecen, Simonyi út 44.', '10%', NULL, NULL, 1, '2019-09-06 06:25:24', 'www.palmapub.hu/', NULL),
(101, 'Petra`z Egészséges Gyorsétterem', 1, 3, '4026 Debrecen, Péterfia u. 18.', '10%', NULL, NULL, 1, '2019-09-06 06:25:24', 'www.facebook.com/Petraz-Debrecen-1791136181174154/?fref=ts', NULL),
(102, 'Pikoló söröző', 1, 3, '4028 Debrecen, Kassai út 10.', '15%', NULL, NULL, 1, '2019-09-06 06:25:24', 'www.facebook.com/pikolosorozo23?hc_location=timeline', NULL),
(103, 'Pizza Bár', 1, 3, '4032 Debrecen, Doberdó u. 1.', '10%', NULL, NULL, 1, '2019-09-06 06:25:24', 'www.pizzabar.net/', NULL),
(104, 'Pizza Valentino la Caffe', 1, 3, '4029 Debrecen, Csapó utca 51.', '10%', NULL, NULL, 1, '2019-09-06 06:25:24', 'www.pizzavalentino.hu/', NULL),
(105, 'Pizza Via', 1, 3, '4025 Debrecen, Arany János u. 2.', '20%', NULL, NULL, 1, '2019-09-06 06:25:24', 'pizzavia.hu/', NULL),
(106, 'Régi Posta', 1, 3, '4025 Debrecen, Széchenyi u. 6.', '10%', NULL, NULL, 1, '2019-09-06 06:25:24', 'regiposta.hu/', NULL),
(107, 'Station Bowling', 1, 3, '4025 Debrecen, Petőfi tér 10.', '10%', NULL, NULL, 1, '2019-09-06 06:25:24', 'bowlingdebrecen.hu/', NULL),
(108, 'Stay Söröző', 1, 3, '4024 Debrecen, Rózsa utca', '10%', NULL, NULL, 1, '2019-09-06 06:25:24', 'www.facebook.com/staybeerbar/?fref=ts', NULL),
(109, 'Tornádó Gyros', 1, 3, '4029 Debrecen, Csapó u. 129.', '10%', NULL, NULL, 1, '2019-09-06 06:25:24', 'hu-hu.facebook.com/tornadogyros/', NULL),
(110, 'Volt egyszer Kávézó', 1, 3, '4024 Debrecen, Piac u. 16.', '10%', NULL, NULL, 1, '2019-09-06 06:25:24', 'www.facebook.com/pages/category/Cafe/Volt-egyszer-196863703817700/', NULL),
(111, 'Wok to Box', 1, 3, '4025 Debrecen, Simonffy u. 1.', '5%', NULL, NULL, 1, '2019-09-06 06:25:24', 'rendeles.woktobox.hu/', NULL),
(112, 'Akku 96 Kft.', 2, 3, '4031 Debrecen, Széchenyi u. 109/B', '10%', NULL, NULL, 1, '2019-09-06 06:25:24', 'www.akku96.hu/', NULL),
(113, 'Auto Bianco', 2, 3, '4024 Debrecen, Sumen u. 10.', 'egyéb', NULL, NULL, 1, '2019-09-06 06:25:24', '', NULL),
(114, 'Automobil', 2, 3, '4034 Debrecen, Veresegyházi 5/B', 'egyéb', NULL, NULL, 1, '2019-09-06 06:25:24', 'autossuli.blogspot.hu/', NULL),
(115, 'Contakt Gumiszervíz', 2, 3, '4029 Debrecen, Böszörményi út 159.', 'egyéb', NULL, NULL, 1, '2019-09-06 06:25:24', 'www.facebook.com/autocontakt/', NULL),
(116, 'Daku autoklinika', 2, 3, '4033 Debrecen, Herpay Gábor u. 5.', '20%', NULL, NULL, 1, '2019-09-06 06:25:24', 'www.daku-autoklinika.hu/', NULL),
(117, 'Fontana Mosó', 2, 3, '4031 Debrecen, Köntösgát sor 8.', 'egyéb', NULL, NULL, 1, '2019-09-06 06:25:24', 'www.facebook.com/frissauto/?fref=ts', NULL),
(118, 'El-Szállít', 2, 3, '4027 Debrecen, Füredi út 98.', '10%', NULL, NULL, 1, '2019-09-06 06:25:24', 'www.el-szallit.hu/', NULL),
(119, 'Green Line Clean', 2, 3, ' 4034 Debrecen, Vágóhíd utca 2.', 'egyéb', NULL, NULL, 1, '2019-09-06 06:25:24', 'debrecen.greenlineclean.hu/', NULL),
(120, 'Kristály Autokozmetika', 2, 3, ' 4031 Debrecen, István út 12.', '10%', NULL, NULL, 1, '2019-09-06 06:25:24', 'www.facebook.com/kristalymoso', NULL),
(121, 'Perfect Autó és Motor Kozmetika', 2, 3, '4032 Debrecen, Füredi út 27. ', '10%', NULL, NULL, 1, '2019-09-06 06:25:24', 'nyitva.hu/debrecen/perfekt-aut%C3%B3mos%C3%B3-debrecen-malompark-bev%C3%A1s%C3%A1rl%C3%B3k%C3%B6zpon', NULL),
(122, 'Agrárius', 17, 3, '4030 Debrecen, Diószegi út 36.', '5%', NULL, NULL, 1, '2019-09-06 06:25:24', 'mezogazdasagi-bolt.hu/', NULL),
(123, 'Eurosmart Bt.', 17, 3, '4025 Debrecen, Hatvan u. 53.', '5%', NULL, NULL, 1, '2019-09-06 06:25:24', 'www.eurosmart.hu/', NULL),
(124, 'KIKA', 17, 3, '4031 Debrecen, Kishatár u. 32.', '10%', NULL, NULL, 1, '2019-09-06 06:25:24', 'www.kika.hu/', NULL),
(125, 'Ligetszépe', 17, 3, '4032 Debrecen, Szabó Lőrint u. 39/A', '10%', NULL, NULL, 1, '2019-09-06 06:25:24', 'www.facebook.com/Ligetsz%C3%A9pe-Vir%C3%A1g-%C3%A9s-Aj%C3%A1nd%C3%A9k%C3%BCzlet-417065835452392/', NULL),
(126, 'Derektamasz.hu', 3, 3, 'weboldal', 'egyéb', NULL, NULL, 1, '2019-09-06 06:25:24', 'www.facebook.com/email/unreachable/%23!/derektamasz?fref=ts', NULL),
(127, 'Kulcsár László masszőr', 3, 3, '4032 Debrecen, Kaffka Margit u. 16/1.', '15%', NULL, NULL, 1, '2019-09-06 06:25:24', '', NULL),
(128, 'Medora Masszázs Stúdió', 3, 3, '4025 Debrecen, Simonffy u. 4.', '15%', NULL, NULL, 1, '2019-09-06 06:25:24', 'www.medora.hu/', NULL),
(129, 'Okula Optika', 3, 3, ' 4025 Debrecen, Erzsébet u. 2.', 'egyéb', NULL, NULL, 1, '2019-09-06 06:25:24', 'www.okula-optika.hu/', NULL),
(130, 'Papp Optika', 3, 3, '4200 Hajdúszoboszló, Kabai útfél (Tesco)', '20%', NULL, NULL, 1, '2019-09-06 06:25:24', 'pappoptika.hu/', NULL),
(131, 'Zhineng Chikung & Taiji ', 3, 3, '4024 Debrecen, Rákóczi u. 40.  ', '10%', NULL, NULL, 1, '2019-09-06 06:25:24', 'www.zhinengchikung.hu/', NULL),
(132, 'Napfény Fotó', 4, 3, '4033 Debrecen, Veres Péter u. 67.', '20%', NULL, NULL, 1, '2019-09-06 06:25:24', '', NULL),
(133, 'Trilite Studió', 4, 3, '4025 Debrecen, hatvan u. 37. fsz. 3.', '10%', NULL, NULL, 1, '2019-09-06 06:25:24', 'www.trilite.hu/', NULL),
(134, 'Lansoft Kft.  ', 9, 3, '4025 Debrecen, Külső Vásártér 18.', '15%', NULL, NULL, 1, '2019-09-06 06:25:24', 'www.lansoft.hu/', NULL),
(135, 'Crystal Antikvárium és Aukciósház', 10, 3, '4029 Debrecen, Cegléd utca 11.', '10%', NULL, NULL, 1, '2019-09-06 06:25:24', '', NULL),
(136, 'Líra Könyvesbolt', 10, 3, '4025 Debrecen, Piac u. 57.', '7%', NULL, NULL, 1, '2019-09-06 06:25:24', '', NULL),
(137, 'Intersport Debrecen', 11, 3, '4031 Debrecen, Kishatár út 1. ', 'egyéb', NULL, NULL, 1, '2019-09-06 06:25:24', 'www.intersport.hu/standorte/standortdetails.html?outletId=388', NULL),
(138, 'Ilona ruhajavító', 11, 3, '4034 Debrecen, Csűry Bálint u. 25.', '15%', NULL, NULL, 1, '2019-09-06 06:25:24', 'www.facebook.com/Ilona-Ruhajav%C3%ADt%C3%B3-1784551388446519/', NULL),
(139, 'Mazsola Divat ', 11, 3, '4026 Debrecen, Kálvin tér 4/B ', '10%', NULL, NULL, 1, '2019-09-06 06:25:24', 'www.varoskozpont.hu/city/debrecen/vasarlas/mazsola-divat/', NULL),
(140, 'Norizz Fashion', 11, 3, ' 4024 Debrecen Kálvin tér 3/B', '10%', NULL, NULL, 1, '2019-09-06 06:25:24', 'www.facebook.com/norizzofficial/', NULL),
(141, 'Aquaticum Debrecen', 5, 3, '4032 Debrecen, Nagyerdei park 1.', 'egyéb', NULL, NULL, 1, '2019-09-06 06:25:24', 'www.aquaticum.hu/', NULL),
(142, 'Bike Pótkerék Kft.', 5, 3, '4027 Debrecen, Böszörményi u. 1', '15%', NULL, NULL, 1, '2019-09-06 06:25:24', 'www.bikepotkerek.hu/index.html', NULL),
(143, 'Csóra biciklibolt', 5, 3, '4028 Debrecen, Árpád tér 8.', '15%', NULL, NULL, 1, '2019-09-06 06:25:24', '', NULL),
(144, 'Equinor Lovasudvar', 5, 3, '4271 Mikepércs, Báthory G. u. 7.', '10%', NULL, NULL, 1, '2019-09-06 06:25:24', 'www.facebook.com/debrecenilovaglas/', NULL),
(145, 'Exit the Room', 5, 3, '4026 Debrecen, Péterfia utca 39.', '25%', NULL, NULL, 1, '2019-09-06 06:25:24', 'www.exittheroom.hu/debrecen', NULL),
(146, 'Gyöngy Bike', 5, 3, '4034 Debrecen, Vámospércsi u. 66.', '5-15%', NULL, NULL, 1, '2019-09-06 06:25:24', 'www.gyongybike.hu/', NULL),
(147, 'Horgászok Háza', 5, 3, '4031 Debrecen, Bartók Béla u. 17.', '10%', NULL, NULL, 1, '2019-09-06 06:25:24', 'pergetoaruhaz.hu/', NULL),
(148, 'Kamilla Gyógyfürdő', 5, 3, '4060 Balmazújváros, Kastélykert u. 1-3.', '10%', NULL, NULL, 1, '2019-09-06 06:25:24', 'www.kamillafurdo.hu/', NULL),
(149, 'Nyomásutána', 5, 3, '4026 Debrecen, Cserepes utca 16.', 'egyéb', NULL, NULL, 1, '2019-09-06 06:25:24', 'nyomasutana.hu/en', NULL),
(150, 'Paintball tanya', 5, 3, 'Debrecen - Haláp 01765/4 hrsz.', '10%', NULL, NULL, 1, '2019-09-06 06:25:24', 'paintballtanya.hu/', NULL),
(151, 'VR World Debrecen ', 5, 3, '4025 Debrecen, Miklós u. 14. ', '10%', NULL, NULL, 1, '2019-09-06 06:25:24', 'www.vrwdebrecen.hu/', NULL),
(152, 'Baumann Reisen', 6, 3, '4024 Debrecen, Batthyány u. 3.', '5%', NULL, NULL, 1, '2019-09-06 06:25:24', 'baumannreisenhungary.hu/', NULL),
(153, 'Kadarcsi Csárda', 6, 3, '4064 Nagyhegyes külterület', '10%', NULL, NULL, 1, '2019-09-06 06:25:24', 'www.facebook.com/KadarcsiCsarda', NULL),
(154, 'Hotel Kamilla', 6, 3, '4060 Balmazújváros, Kastélykert u. 1', 'egyéb', NULL, NULL, 1, '2019-09-06 06:25:24', 'hotelkamilla.hu/', NULL),
(155, 'Hotel Platán', 6, 3, '4030 Debrecen, Somlyai u. 10.', '12%', NULL, NULL, 1, '2019-09-06 06:25:24', 'platanhotel.eu/', NULL),
(156, 'Némethy Panzió Debrecen', 6, 3, '4026 Debrecen, Péterfia u. 50.', '10%', NULL, NULL, 1, '2019-09-06 06:25:24', 'www.nemethypanzio.hu/bemutatkozas', NULL),
(157, 'Bacsa Viktória Kozmetikus', 12, 3, '4025 Debrecen, Hatvan utca 6.', '5%', NULL, NULL, 1, '2019-09-06 06:25:24', 'www.facebook.com/bacsaviktoriakozmetikus/?fref=ts', NULL),
(158, 'Bónusz Szépségszalon', 12, 3, '4025 Debrecen, Hatvan utca 6.', '10%', NULL, NULL, 1, '2019-09-06 06:25:24', 'www.facebook.com/B%C3%B3nusz-Szalon-162476763883168/', NULL),
(159, 'Dream Szépségszalon', 12, 3, '4024 Debrecen, Piac utca 40 fsz/1', 'egyéb', NULL, NULL, 1, '2019-09-06 06:25:24', 'www.facebook.com/dreamszepsegszalondebrecen/?ref=ts&amp;fref=ts', NULL),
(160, 'Heaven Studio', 12, 3, '4034 Debrecen, Lion Office Irodapark', '12%', NULL, NULL, 1, '2019-09-06 06:25:24', 'heavenstudio.hu/', NULL),
(161, 'Jázmin Masszázs', 12, 3, '4030 Debrecen, Epreskert u. 2.', '10%', NULL, NULL, 1, '2019-09-06 06:25:24', 'www.jazmin-thai-masszazs.hu/', NULL),
(162, 'Nett-Tus Make Up Shop', 12, 3, '4024 Debrecen Kálvin Tér 3/A', '20%', NULL, NULL, 1, '2019-09-06 06:25:24', 'www.facebook.com/netttus/', NULL),
(163, 'Nyugtató Érintés Masszázs', 12, 3, '4028 Debrecen Korház u. 7. II. em', '10%', NULL, NULL, 1, '2019-09-06 06:25:24', 'www.nyugtatoerintes.hu/bemutatkozas.php', NULL),
(164, 'Masszázs Patika', 12, 3, '4026 Debrecen, Péterfia u. 47. 4-es ajt', '25%', NULL, NULL, 1, '2019-09-06 06:25:24', 'www.masszazspatika.hu/', NULL),
(165, 'MegaSun Szolárium', 12, 3, '4024 Debrecen, Szent Anna u. 38.', '10%', NULL, NULL, 1, '2019-09-06 06:25:24', 'www.facebook.com/megaSunSzolariumDebrecen', NULL),
(166, 'PanGrina fodrászkellék üzlet', 12, 3, '4032 Debrecen, Ötvenhatosok tere 6/A.', '25%', NULL, NULL, 1, '2019-09-06 06:25:24', 'www.facebook.com/PanGrina.fodraszkellek/', NULL),
(167, 'Relax Kozmetika', 12, 3, '4026 Debrecen, Garai u. 2.', 'egyéb', NULL, NULL, 1, '2019-09-06 06:25:24', 'kozmetika-debrecen.hu/', NULL),
(168, 'Sunset Szolárium', 12, 3, '4026 Debrecen, Csemete u. 36-38.', '10%', NULL, NULL, 1, '2019-09-06 06:25:24', 'www.facebook.com/sunset.szolariumstudio', NULL),
(169, 'Stílustanácsadás Fehér Tündével', 12, 3, '4028 Debrecen, Hadházi út 38.', 'egyéb', NULL, NULL, 1, '2019-09-06 06:25:24', 'www.stilusessiker.hu/', NULL),
(170, 'Apolló Mozi  ', 13, 3, ' 4025 Debrecen, Miklós u. 1.', '10%', NULL, NULL, 1, '2019-09-06 06:25:24', 'apollomozi.hu/', NULL),
(171, 'Nagyerdei Szabadtéri Színpad', 13, 3, '4028 Debrecen, Nagyerdei krt. 6.', '10%', NULL, NULL, 1, '2019-09-06 06:25:24', 'www.debreceniszabadteri.hu/', NULL),
(172, 'Anjou Udvari Lovagkör Kardvívó Sportegyesület', 8, 3, '4032 Debrecen, Illyés u. 9.', '10%', NULL, NULL, 1, '2019-09-06 06:25:24', 'www.facebook.com/anjoulovag/', NULL),
(173, 'Bujinkan Hoshi Dojo', 8, 3, '4024 Debrecen, Batthyány u. 8.', 'egyéb', NULL, NULL, 1, '2019-09-06 06:25:24', 'www.facebook.com/hoshidojo', NULL),
(174, 'Debreceni Lövészsuli Sportegy', 8, 3, '4032 Debrecen, Oláh Gábor u. 5.', 'egyéb', NULL, NULL, 1, '2019-09-06 06:25:24', 'www.loveszsuli.hu/', NULL),
(175, 'Úszó Teknősök Sportegyesület ', 8, 3, ' 4029 Debrecen, Domb u. 1.', '20%', NULL, NULL, 1, '2019-09-06 06:25:24', 'dute.hu/', NULL),
(176, 'EnerGym Fitness', 8, 3, '4032 Debrecen, Nagyerdei Park 1.', 'egyéb', NULL, NULL, 1, '2019-09-06 06:25:24', 'www.energym.hu/hu/', NULL),
(177, 'Eskrima Önvédelem', 8, 3, '4032 Debrecen, Füredi út 76.', '10%', NULL, NULL, 1, '2019-09-06 06:25:24', 'eskrimadebrecen.hu/', NULL),
(178, 'Mandala jóga', 8, 3, '4024 Debrecen, Rákóczi u. 40.', '10%', NULL, NULL, 1, '2019-09-06 06:25:24', 'mandalajogadebrecen.hu/', NULL),
(179, 'New York Fittness', 8, 3, '4025 Debrecen, Piac u. 45-47.', '15%', NULL, NULL, 1, '2019-09-06 06:25:24', 'newyorkfitness.eu/?page_id=133', NULL),
(180, 'Shape Power - Plate Studio', 8, 3, '4026 Debrecen, Péterfia u. 18.', '30%', NULL, NULL, 1, '2019-09-06 06:25:24', 'shapepowerplate.hu/', NULL),
(181, 'Speedbody Fitness', 8, 3, '4032 Debrecen, Böszörményi út 147.', 'egyéb', NULL, NULL, 1, '2019-09-06 06:25:24', 'www.facebook.com/speedbody.debrecen', NULL),
(182, 'Sólyom íjászbolt', 8, 3, '4028 Debrecen, Hadházi út 78.', 'egyéb', NULL, NULL, 1, '2019-09-06 06:25:24', 'www.solyomijaszbolt.hu/', NULL),
(183, 'Vezér Fitness', 8, 3, '4032 Debrecen, Böszörményi út 150.', '15%', NULL, NULL, 1, '2019-09-06 06:25:24', 'www.vezerfitness.hu/', NULL),
(184, 'Wing Tzun Kung - Fu', 8, 3, '4031 Debrecen, Kishegyesi u. 150/B', '25%', NULL, NULL, 1, '2019-09-06 06:25:24', '', NULL),
(185, 'Agroang Business Fordítás és Magánoktatás', 7, 3, '4031 Debrecen, Szoboszlói út 50. II/36', '10%', NULL, NULL, 1, '2019-09-06 06:25:24', 'www.facebook.com/agroangforditas/?fref=ts', NULL),
(186, 'Aranyvirág Ékszerszalon', 7, 3, '4024 Debrecen, Csapó utca 43.', '5%', NULL, NULL, 1, '2019-09-06 06:25:24', 'aranyviragekszer.hu/', NULL),
(187, 'Bányai Ékszer', 7, 3, '4024 Debrecen, Batthyány u. 14.', '10%', NULL, NULL, 1, '2019-09-06 06:25:24', 'banyaiekszer.hu/', NULL),
(188, 'Business West Nyelviskola ', 7, 3, '4024 Debrecen', 'egyéb', NULL, NULL, 1, '2019-09-06 06:25:24', 'www.nyelvtanulas.net/', NULL),
(189, 'CsinCsin', 7, 3, '4031 Debrecen, István út 71. 1/3', '10%', NULL, NULL, 1, '2019-09-06 06:25:24', 'csincsin.hu/', NULL),
(190, 'Debreceni Nyelviskola', 7, 3, '4026 Debrecen, Bethlen u. 39. fsz. 5.', '10%', NULL, NULL, 1, '2019-09-06 06:25:24', 'www.debreceninyelviskola.hu/', NULL),
(191, 'Debtoys', 7, 3, '4034 Debrecen, Asztalos utca 35/4.', '5%', NULL, NULL, 1, '2019-09-06 06:25:24', 'www.mesesjatekok.hu/', NULL),
(192, 'Dream Party & Ceremony Rendezvényszervezés', 7, 3, '4034 Debrecen', '15%', NULL, NULL, 1, '2019-09-06 06:25:24', 'www.dreamparty.hu/', NULL),
(193, 'Escargots Enflammés Tűzzsonglőrök', 7, 3, '4031 Debrecen, Derék u. 84.', '30%', NULL, NULL, 1, '2019-09-06 06:25:24', 'www.facebook.com/flamingsnails/', NULL),
(194, 'Főnix Rendezvényszervező Kft.', 7, 3, '4026 Debrecen, Hunyadi u. 1-3', '10%', NULL, NULL, 1, '2019-09-06 06:25:24', 'www.fonixinfo.hu/', NULL),
(195, 'Fejhallgato Plaza', 7, 3, '4028 Debrecen, Árpád tér 16-18.', '10%', NULL, NULL, 1, '2019-09-06 06:25:24', 'www.fejhallgatoplaza.hu/', NULL),
(196, 'Hegyikristály Ásványbolt', 7, 3, '4025 Debrecen, Széchenyi u. 1.', '10%', NULL, NULL, 1, '2019-09-06 06:25:24', 'asvany-ekszer.hu/', NULL),
(197, 'Helen Doron Early English', 7, 3, '4026 Debrecen Darabos utca 33.', '10%', NULL, NULL, 1, '2019-09-06 06:25:24', 'debrecen.helendoron.hu/', NULL),
(198, 'Humán-Ép Ingatlanforgalmazó Kft.', 7, 3, '4032 Debrecen, Füredi út 98.', 'egyéb', NULL, NULL, 1, '2019-09-06 06:25:24', 'www.humanep.com/', NULL),
(199, 'Jáde Gyógynövény bolt', 7, 3, '4024 Debrecen, Kossuth u. 8.', '10-20%', NULL, NULL, 1, '2019-09-06 06:25:24', 'gyogynovenywebshop.hu/?fbclid=IwAR3TskA90YcdrMioLXIcGEdbyw6GD-YgJ_Ze5gmGZKB1fbZeLJDcOzTnL-w', NULL),
(200, 'Kiselefánt Kreatív Hobby', 7, 3, '024 Debrecen, Batthyány utca 1. ', '5%', NULL, NULL, 1, '2019-09-06 06:25:24', 'www.facebook.com/kiselefantbolt', NULL),
(201, 'Levitex Kft.', 7, 3, '025 Debrecen, Bajcsi Zsilinszky u. 18/9b', '8%', NULL, NULL, 1, '2019-09-06 06:25:24', 'lakastextil.j9.hu/debrecen/levitex-kft/', NULL),
(202, 'Lilakert Gyermekfelügyelet', 7, 3, '4032 Debrecen, Poroszlay út 14.', '15%', NULL, NULL, 1, '2019-09-06 06:25:24', 'www.lilakert.com/', NULL),
(203, 'Link Global Business Solutions Kft.', 7, 3, '?4033 Debrecen Gábor Áron u. 75/1', '10%', NULL, NULL, 1, '2019-09-06 06:25:24', 'www.linkgbs.com/hu/', NULL),
(204, 'Mithra Alapítvány - napközis táborok', 7, 3, '4025 Debrecen, Hatvan u. 33 1/4', '10%', NULL, NULL, 1, '2019-09-06 06:25:24', '', NULL),
(205, 'Posta Beáta Grafikusművész', 7, 3, '4060 Balmazújváros, Bethlen u. 33.', '10%', NULL, NULL, 1, '2019-09-06 06:25:24', 'postabeata.hu/', NULL),
(206, 'Setét Ferenc - Kárpitos', 7, 3, '4461 Nyírtelek, Felsősóskút 57.', '15%', NULL, NULL, 1, '2019-09-06 06:25:24', '', NULL),
(207, 'Tropicalfish (Veréb és Kátó Kft.)', 7, 3, '4024 Debrecen, Piac u. 38.', 'egyéb', NULL, NULL, 1, '2019-09-06 06:25:24', 'tropicalfish.hu/', NULL),
(208, 'Vahúr Állateledel Bolt', 7, 3, '4032 Debrecen, Jerikó u. 34.', '15%', NULL, NULL, 1, '2019-09-06 06:25:24', 'vahurbolt.hu/', NULL),
(209, 'Wedding Paper', 7, 3, '4220 Hajdúböszörmény, Szent István tér 2.', '5%', NULL, NULL, 1, '2019-09-06 06:25:24', 'weddingpaper.hu/', NULL),
(210, 'Wishy Washy Mosoda', 7, 3, '4032 Debrecen Németh László u. 38.', '10%', NULL, NULL, 1, '2019-09-06 06:25:24', 'wishywashy.hu/', NULL),
(211, 'Donkey Pizza', 1, 2, '7623, Bajcsy-Zsilinszky u.', '15%', NULL, NULL, 1, '2019-09-06 06:25:24', 'www.facebook.com/pizzadonkeypecs/', NULL),
(212, 'DZ Streetfood', 1, 2, '7621 Pécs, Mátyás király u. 1.', '10%', NULL, NULL, 1, '2019-09-06 06:25:24', 'www.facebook.com/DZ-Street-Food-743812909138279/', NULL),
(213, 'Frei Café', 1, 2, '7621 Pécs, Király u. 7.', '10%', NULL, NULL, 1, '2019-09-06 06:25:24', 'www.facebook.com/cafefreipecs/?fref=ts', NULL),
(214, 'Gyros Torony', 1, 2, '7621 Pécs, Bajcsy-Zsilinszky u. 4-6.', '10%', NULL, NULL, 1, '2019-09-06 06:25:24', 'www.facebook.com/pages/category/Restaurant/Gyros-Torony-2018859128143303/', NULL),
(215, 'Kovács Pékség', 1, 2, '7621 Pécs, Jókai u. 21.', '10%', NULL, NULL, 1, '2019-09-06 06:25:24', 'www.facebook.com/kovacspekseg/', NULL),
(216, 'Repeta Gyorsétterem', 1, 2, '7623 Pécs, Nagy Lajos kir. u. 10. ', '5%', NULL, NULL, 1, '2019-09-06 06:25:24', 'www.repetagyros.hu/', NULL),
(217, 'Trafik Lokál', 1, 2, '7621 Pécs. Penczel u. 22.', 'egyéb', NULL, NULL, 1, '2019-09-06 06:25:24', 'www.facebook.com/trafikapollo/', NULL),
(218, 'Domdon Autó', 2, 2, '7632 Pécs, Littke József u. 19.', '25-40%', NULL, NULL, 1, '2019-09-06 06:25:24', '', NULL),
(219, 'Fehér Optika', 3, 2, '7621 Pécs, Ferencesek utcája 1. (Jókai tér felől)', '20%', NULL, NULL, 1, '2019-09-06 06:25:24', 'www.feheroptika.hu/', NULL),
(220, 'Hatha Jóga Stúdió ', 3, 2, '7621 Pécs, Apáca utca 3. ', '20%', NULL, NULL, 1, '2019-09-06 06:25:24', 'www.facebook.com/hathajogapecs/', NULL),
(221, 'Agykontroll Gyermeknek H.S.Csilla Oktató Bt.', 3, 2, '​7627 Pécs, Bittner Alajos u. 15.', '10%', NULL, NULL, 1, '2019-09-06 06:25:24', '', NULL),
(222, 'Rafting Optika', 3, 2, '7621 Pécs, Citrom utca 2-6. / Ferencesek utca', '10%', NULL, NULL, 1, '2019-09-06 06:25:24', 'www.raftingoptika.hu/', NULL),
(223, 'Talpalda', 3, 2, '7621 Pécs, Citrom utca 8.', '10%', NULL, NULL, 1, '2019-09-06 06:25:24', 'www.facebook.com/pecselsotalpaldaja/?fref=ts', NULL),
(224, 'Ti-Dent Fogorvos', 3, 2, '7624 Pécs, Klimó György u. 21.', '10%', NULL, NULL, 1, '2019-09-06 06:25:24', 'www.ti-dent.hu/hu', NULL),
(225, 'Líra Könyv ', 10, 2, '7621 Pécs, Irgalmasok utcája 6.', '7%', NULL, NULL, 1, '2019-09-06 06:25:24', 'www.lira.hu/', NULL),
(226, 'Sopianae Öltöny', 11, 2, '7622 Pécs, Somogyi Béla u. 2.', '10%', NULL, NULL, 1, '2019-09-06 06:25:24', '', NULL),
(227, 'Fürge Nyuszi Focivilág', 8, 2, '7622 Pécs, Bajcsy - Zsilinszki u. 11.', '10%', NULL, NULL, 1, '2019-09-06 06:25:24', 'furgenyuszi.hu/cms/kapcsolat', NULL),
(228, 'Mecsextrém', 5, 2, '7628 Pécs-Árpádtető, Mecsextrém Park', '15%', NULL, NULL, 1, '2019-09-06 06:25:24', 'www.mecsextrem.hu/', NULL),
(229, 'Mosolyország / Mosolyfarm', 5, 2, '7631 Pécs Pláza / Sylven Rendezvényközpont', 'egyéb', NULL, NULL, 1, '2019-09-06 06:25:24', 'mosolyorszag.hu/', NULL),
(230, 'Platina Szerszám ', 5, 2, '7727 Palotabozsok, Petőfi S. u. 64.', '15%', NULL, NULL, 1, '2019-09-06 06:25:24', 'platinaszerszam.hu/', NULL),
(231, 'Corso Hotel Pécs', 6, 2, '7626 Pécs, Koller utca 8.', 'egyéb', NULL, NULL, 1, '2019-09-06 06:25:24', 'corsohotel.hu/?lang=hu', NULL),
(232, 'Matrackuckó', 7, 2, '7626 Pécs, Király utca 62.', '10%', NULL, NULL, 1, '2019-09-06 06:25:24', 'www.agy-matrac.hu/', NULL),
(233, 'Pillangó Virágüzlet', 7, 2, '7622 Pécs, Bajcsy-Zsilinszky utca 2/1', '10%', NULL, NULL, 1, '2019-09-06 06:25:24', 'www.facebook.com/Pillang%C3%B3-Vir%C3%A1g%C3%BCzlet-294997153891817/?fref=ts', NULL),
(234, 'Halász Kinga coach, kommunikációs szakember', 7, 2, '7621 Pécs, Felsővámház u. 52', '10%', NULL, NULL, 1, '2019-09-06 06:25:24', 'www.facebook.com/coachpecs/', NULL),
(235, '​Csokonai Étterem', 1, 3, '​4024 Debrecen, Kossuth u. 21.', '20%', NULL, NULL, 1, '2019-09-06 06:25:24', 'csokonaisorozo.hu/', NULL),
(236, 'Frei Café', 1, 3, '4024 Debrecen, Fórum (Libri) & Piac u. 20.', '10%', NULL, NULL, 1, '2019-09-06 06:25:24', 'www.facebook.com/cafefreidebrecen2', NULL),
(237, '​Shifu', 1, 3, '​4024 Debrecen, Batthyány u. 22', '​10%', NULL, NULL, 1, '2019-09-06 06:25:24', '', NULL),
(238, 'Tommy´s Hill', 1, 3, '​4026 Debrecen, Mester u. 3.', '​egyéb', NULL, NULL, 1, '2019-09-06 06:25:24', 'tommyshill.hu/', NULL),
(239, 'Termelői Portékák ALIBOR Natura Kft.', 1, 3, '​4251 Hajdúsámson, Damjanich u. 3.', '​10%', NULL, NULL, 1, '2019-09-06 06:25:24', '', NULL),
(240, 'Zigi-ImpExElektornika, Kert, Barkács, Dekor, Gyenge és erős áram', 17, 3, '4271 Mikepércs, Tóth Árpád u. 5.', '10%', NULL, NULL, 1, '2019-09-06 06:25:24', '', NULL),
(241, 'Katona Borház', 1, 5, '​1056 Budapest, Irányi u. 1.', '10%', NULL, NULL, 1, '2019-09-06 06:25:24', 'katonaborhaz.hu/', NULL),
(242, '​Dental Network fogászat', 3, 5, '1114 Budapest Bartók Béla út 41.', '10%', NULL, NULL, 1, '2019-09-06 06:25:24', 'dentalnetwork.hu/hu/fogaszati_halozat', NULL),
(243, 'Alp-Favill 96 Kft.', 3, 1, '​​6724 Szeged, Kenyérgyári út 11.', '10%', NULL, NULL, 1, '2019-09-06 06:25:24', '', NULL),
(244, 'Heavy Pedál Kft.', 8, 1, '​6721 Szeged, Brüsszeli Krt. 12.', '10%', NULL, NULL, 1, '2019-09-06 06:25:24', '', NULL),
(245, '​Corpus Fitness Kettlebell', 8, 3, '4032 Debrecen, Oláh Gábor u. 5.', 'egyéb', NULL, NULL, 1, '2019-09-06 06:25:24', 'www.corpusfitness.hu/', NULL),
(246, 'Onome Szemklinika', 3, 3, '​4024 Debrecen, Kossuth u. 3.', '10%', NULL, NULL, 1, '2019-09-06 06:25:24', 'www.onome.hu/', NULL),
(247, 'Onome Szemklinika', 3, 3, '​4031 Debrecen, Kishatár út 7. (Auchan)', '10%', NULL, NULL, 1, '2019-09-06 06:25:24', 'www.onome.hu/', NULL),
(248, 'Onome Szemklinika', 3, 3, '4200 Hajdúszoboszló, Szilfákalja út 32.', '10%', NULL, NULL, 1, '2019-09-06 06:25:24', 'www.onome.hu/', NULL),
(249, 'Papp Optika  ', 3, 3, 'Debrecen, Batthyány u. / Csapó u. / Kálvin tér', '20%', NULL, NULL, 1, '2019-09-06 06:25:24', 'pappoptika.hu/', NULL),
(250, 'Speedy - Fit Kft.', 8, 3, '​4028 Debrecen, Hadházi út 78.', 'egyéb', NULL, NULL, 1, '2019-09-06 06:25:24', 'www.facebook.com/speeedyfit', NULL);

-- --------------------------------------------------------

--
-- Tábla szerkezet ehhez a táblához `category`
--

CREATE TABLE IF NOT EXISTS `category` (
  `id` int(11) NOT NULL,
  `name` varchar(100) NOT NULL
) ENGINE=InnoDB AUTO_INCREMENT=20 DEFAULT CHARSET=utf8;

--
-- A tábla adatainak kiíratása `category`
--

INSERT INTO `category` (`id`, `name`) VALUES
(1, 'Étel/Ital'),
(2, 'Autó-Motor'),
(3, 'Egészség'),
(4, 'Fotó'),
(5, 'Szabadidő'),
(6, 'Szállás, Utazás'),
(7, 'Egyéb'),
(8, 'Sport'),
(9, 'Informatika'),
(10, 'Könyv'),
(11, 'Ruha'),
(12, 'Szépségápolás'),
(13, 'Színház, Mozi'),
(14, 'Sportegyesület'),
(15, 'Magánoktatás'),
(16, 'Rendezvényszervezés'),
(17, 'Barkács, Háztartás, Szerszám'),
(18, 'Albérlet, Lakástörlesztés'),
(19, 'Fizetés');

-- --------------------------------------------------------

--
-- Tábla szerkezet ehhez a táblához `groups`
--

CREATE TABLE IF NOT EXISTS `groups` (
  `groups` int(11) NOT NULL,
  `product_category` int(11) NOT NULL,
  `income_outcome` int(100) NOT NULL,
  `currency` varchar(100) NOT NULL,
  `Date` date NOT NULL,
  `message` varchar(100) DEFAULT NULL
) ENGINE=InnoDB AUTO_INCREMENT=2 DEFAULT CHARSET=utf8;

--
-- A tábla adatainak kiíratása `groups`
--

INSERT INTO `groups` (`groups`, `product_category`, `income_outcome`, `currency`, `Date`, `message`) VALUES
(1, 18, -77000, 'HUF', '2020-05-10', 'havi albérlet');

-- --------------------------------------------------------

--
-- Tábla szerkezet ehhez a táblához `loan`
--

CREATE TABLE IF NOT EXISTS `loan` (
  `loan` int(11) NOT NULL,
  `loan_category` int(11) NOT NULL,
  `amount` int(100) NOT NULL,
  `currency` varchar(100) NOT NULL,
  `Date` date NOT NULL
) ENGINE=InnoDB AUTO_INCREMENT=2 DEFAULT CHARSET=latin1;

--
-- A tábla adatainak kiíratása `loan`
--

INSERT INTO `loan` (`loan`, `loan_category`, `amount`, `currency`, `Date`) VALUES
(1, 1, 10000, 'HUF', '2020-02-03');

-- --------------------------------------------------------

--
-- Tábla szerkezet ehhez a táblához `loancategory`
--

CREATE TABLE IF NOT EXISTS `loancategory` (
  `loancategory` int(11) NOT NULL,
  `name` varchar(100) NOT NULL,
  `percentage` varchar(20) NOT NULL
) ENGINE=InnoDB AUTO_INCREMENT=6 DEFAULT CHARSET=latin1;

--
-- A tábla adatainak kiíratása `loancategory`
--

INSERT INTO `loancategory` (`loancategory`, `name`, `percentage`) VALUES
(1, 'személyi kölcsönök', '13,8 %'),
(2, 'lakáshitel', '4,6 %'),
(3, 'lakásfelújítás', '8,1 %'),
(4, 'autóvásárlás', '13,8 %'),
(5, 'személyi kölcsön hitelkiváltásra', '13,8 %');

-- --------------------------------------------------------

--
-- Tábla szerkezet ehhez a táblához `site`
--

CREATE TABLE IF NOT EXISTS `site` (
  `id` int(11) NOT NULL,
  `name` varchar(32) NOT NULL
) ENGINE=InnoDB AUTO_INCREMENT=8 DEFAULT CHARSET=utf8;

--
-- A tábla adatainak kiíratása `site`
--

INSERT INTO `site` (`id`, `name`) VALUES
(1, 'VESZPRÉM'),
(2, 'PÉCS'),
(3, 'DEBRECEN'),
(4, 'BUDAPEST'),
(5, 'TELEPHELYTŐL FÜGGETLEN'),
(6, 'SZÉKESFEHÉRVÁR'),
(7, 'SZEGED');

-- --------------------------------------------------------

--
-- Tábla szerkezet ehhez a táblához `transaction`
--

CREATE TABLE IF NOT EXISTS `transaction` (
  `transaction` int(11) NOT NULL,
  `product_category` int(11) NOT NULL,
  `income_outcome` int(100) NOT NULL,
  `currency` varchar(100) NOT NULL,
  `Date` date NOT NULL,
  `message` varchar(100) DEFAULT NULL
) ENGINE=InnoDB AUTO_INCREMENT=7 DEFAULT CHARSET=latin1;

--
-- A tábla adatainak kiíratása `transaction`
--

INSERT INTO `transaction` (`transaction`, `product_category`, `income_outcome`, `currency`, `Date`, `message`) VALUES
(1, 1, 1500, 'HUF', '2019-10-13', NULL),
(2, 2, -20000, 'HUF', '2019-10-02', 'Programozás'),
(3, 3, 7600, 'HUF', '2019-10-22', NULL),
(4, 1, -4400, 'HUF', '2019-10-22', NULL),
(5, 1, 12500, 'HUF', '2020-02-02', NULL),
(6, 19, 250000, 'HUF', '2020-04-01', 'Munkahely Kft.');

-- --------------------------------------------------------

--
-- Tábla szerkezet ehhez a táblához `user`
--

CREATE TABLE IF NOT EXISTS `user` (
  `id` int(11) NOT NULL,
  `unique_id` varchar(23) NOT NULL,
  `name` varchar(50) NOT NULL,
  `email` varchar(100) NOT NULL,
  `encrypted_password` varchar(128) NOT NULL,
  `salt` varchar(16) NOT NULL,
  `created_at` datetime NOT NULL,
  `updated_at` datetime NOT NULL,
  `is_active` tinyint(1) DEFAULT '0',
  `is_deleted` tinyint(1) DEFAULT '0',
  `is_admin` tinyint(1) DEFAULT '0',
  `activation_token` varchar(128) NOT NULL,
  `default_site_id` int(11) NOT NULL,
  `profile_picture` mediumblob,
  `resetPasswordToken` varchar(128) DEFAULT NULL,
  `resetPasswordExpires` datetime DEFAULT NULL
) ENGINE=InnoDB AUTO_INCREMENT=8 DEFAULT CHARSET=utf8;

--
-- A tábla adatainak kiíratása `user`
--

INSERT INTO `user` (`id`, `unique_id`, `name`, `email`, `encrypted_password`, `salt`, `created_at`, `updated_at`, `is_active`, `is_deleted`, `is_admin`, `activation_token`, `default_site_id`, `profile_picture`, `resetPasswordToken`, `resetPasswordExpires`) VALUES
(3, '5cb499gb-8d88-5gf8-064c', 'alice', 'alice@hobby.local', '99492aceef002c97f451900f9b9bf1e6aeb793d4ba690a72e7f7fb38ffb626adc801cd247208c0ac8a9801c6850889d941431f4e8afccef5786023faa04370c7', '81451aa2deecf246', '2019-05-08 14:52:46', '2019-09-24 14:53:52', 1, 0, 0, 'oajfu9weduedwu9asdsegw64797t4', 3, NULL, NULL, NULL);
INSERT INTO `user` (`id`, `unique_id`, `name`, `email`, `encrypted_password`, `salt`, `created_at`, `updated_at`, `is_active`, `is_deleted`, `is_admin`, `activation_token`, `default_site_id`, `profile_picture`, `resetPasswordToken`, `resetPasswordExpires`) VALUES
(4, '5c7cd6df-579d-4a4d-a99a', 'Teszt Elek', 'tesztelek@hobby.local', '89bb2926150fdd43e30d265ba2421c3050b2024d73e449946f1feb2c45c9f328bd34dbfe63e77dd959fd041a970319e25062862943009282a037ffe6e7bdb442', '49f41c5e3f0030a5', '2019-09-11 13:22:01', '2019-09-11 13:22:01', 1, 0, 0, 'ba86f13bc3a7cadbbe38803f628af1cd07d29d4d', 1, 0xffd8ffe000104a46494600010200000100010000ffed009c50686f746f73686f7020332e30003842494d04040000000000801c026700144a554c49484d346c646750473473515239694a2d1c0228006246424d4430313030306162653033303030303163306330303030666131393030303063323161303030306265316230303030376432373030303030393363303030306533336430303030366633663030303035333431303030303666363330303030ffe2021c4943435f50524f46494c450001010000020c6c636d73021000006d6e74725247422058595a2007dc00010019000300290039616373704150504c0000000000000000000000000000000000000000000000000000f6d6000100000000d32d6c636d7300000000000000000000000000000000000000000000000000000000000000000000000000000000000000000000000a64657363000000fc0000005e637072740000015c0000000b777470740000016800000014626b70740000017c000000147258595a00000190000000146758595a000001a4000000146258595a000001b80000001472545243000001cc0000004067545243000001cc0000004062545243000001cc0000004064657363000000000000000363320000000000000000000000000000000000000000000000000000000000000000000000000000000000000000000000000000000000000000000000000000000000000000000000000000000000000000000074657874000000004642000058595a20000000000000f6d6000100000000d32d58595a20000000000000031600000333000002a458595a200000000000006fa2000038f50000039058595a2000000000000062990000b785000018da58595a2000000000000024a000000f840000b6cf63757276000000000000001a000000cb01c903630592086b0bf6103f15511b3421f1299032183b92460551775ded6b707a0589b19a7cac69bf7dd3c3e930ffffffdb004300090607080706090808080a0a090b0e170f0e0d0d0e1c14151117221e2323211e2020252a352d2527322820202e3f2f3237393c3c3c242d4246413a46353b3c39ffdb0043010a0a0a0e0c0e1b0f0f1b392620263939393939393939393939393939393939393939393939393939393939393939393939393939393939393939393939393939ffc2001108012c01e003002200011101021101ffc4001b00000105010100000000000000000000000400010203050607ffc4001801010101010100000000000000000000000001020304ffc4001801010101010100000000000000000000000001020304ffda000c03000001110211000001e29ac7caa56b94ab635079a88a9222acb2a8445face7ad0a415e50ce924c4d4250924267424953bc5c93a647945c794644e70b2ab655cb6d4ed2b3ad2644b3a526ce5353b3bd78a8f75039e0fa951c53f558f59cf29552ac722f375e294a309d9135078778b1368b96edd37fa3cf44e7ac6157d6e4f3de305a70dcc94efc7b45dde5834dc82b1922d272336724ceac528c8528caa7384d6b1c91e1a709a13b59fd6c1a5d134b6ecd753a80ae5b661326ac41d0ac9c7ec704c94f1a9bb4d78851593a96a6a64ccc2b591a8b96f00db2231b2ae0b5b58dacccbc4f3fa6fd2c496b1d08a975e59b1d7c79a651973da945d524a124e91769549254eece3c9a564a6d35a6822848903f451d16e0e48f080b1975559b35a3666db69d3127698664df26dc06218c31b632b514da535c2bb5e4b4452359be388d8deb579d35b1a70df336ccc1f3a945953ca292ed4c63ec28656f5e59cc609c3b249674ea2e24a1529c26924ed627496738dd62949c1e824623af95d01dc4e40e548511651c590ed5d70a4cd5f70a4596bd36061b9a4c85e1ed636f31491c54e3624c2b29b53a4892756737433bc5b7a0233be7a3d3e3dc88469c2e397310d73ab4c49f470a73c91b8f64ceb1a6526568ce28d38bd5cf5cac93b22e206209ce37820670240e0493d2f1b6303088d60ea3d6cd356903dad1178f3421eb6b4e9897a1795ab8bac5aca75c524b3688bb6a3abec418bb0bcec72a2573ef20fabceceaaaeca35cfa0068bb5ca5c774bcfea55a39e4f7e14d160fcfa2676c6d249199da949ac14ad72a7b2431551363dcd30108b108248f42c1b7331a3a23dc0d19c5673aea94b232a761565064d564e5ee32465df97ace9dd957572ef54ca94a35b2d4903100be37bc3ca8c77db866ede743e1e9e35e676873fa1be4607ae159cddb3877e166559573dbb253492432743d95482255b97ca33495f41156bb46811afa2209d29e465f4d9b8a6447cdb62c82a30b95a575311d9c2d7d20e40920421d5ef34df6dc9c6267b6fa59c38a85b15c217e75a754099d5b732b573d07c4dce66f39e8592bcead10ef3182bf17af27665349d923a642764af78da058e734510322835b6c6945ea04ae51193396747cf7551b3c6fa47058d67595496cba8225b0425aa834022d3888b335d6557acab1a470492b1249758a1a5178d08e6d3a221b3a4e70b25ce36c8dc125036c6b0c1dd1cb8440fd70925624909242490c50a42e85834b2266231a15090a2c7a61625092c271b12fdd7e8a25caed739cf744655d5f68f35229b1862c6b026daecb24a72de22a513844909da46daae12cd533976f4c0e97533e1a70ac7cbdee73363a597a18a453657358591bf83d30c99ee524849212486285294e74b2784e3545445241a49212b7aaae67b7d9845fc4f57c84a3d536cec68d8e556c625f3a26855f9da14622e8d663277b20a6e9e7c925527d0a3abba72e618c04763d1636eea556bdc65f03e8fc7c05bf4cb9f48845d51999b71be8e3cfd5d8f3b0024b3a49212486d0cf3d76255ce2d929489592292f536815e4215b01846be4cab5b2926a9b15ec515358c0f757a70357bd8da9d368715d05ce80f38d907e7a072f7a23a655d0bacbdc8139eecce8911e8276793463d5302e33b6e4558cc53f1ad089414664672f4f9e5781759998fd56263a67a4b1b492462462548946ccad7adc9f58075493ce6c7090c3a0287aeca9c65187205b26ad85b19a1a76dd10b55ca4bd36262ce20ef1d05d9f606f35be19cdce2de8e533b3cec5b589131b10fc6d597b698f751a9c789f39b59873d216a5e96de70ec585454b7cc3ad85eb8d6a6c26ce41a6dcbb3349112862436c5292b245ed60ec9af0e2ea87553aada9676d561295168a70984b8674d54d74153a9c3dc2a29acd6d672f579fdd4b24ae39083b76e537662ea55d8db69676c4bd0dd9c7ad868a3e5a108d758b56a425e6cbd1cd44a51b00048a3a6354c1aede39e0b701e3d8272a328a4b5b17c0d958474eb0f2cba6b9db24c8b20ec49e89163c18b6f1af1aea661711ca9a8bb4259bc664a8204b91d6862ea744d55b1c9c1dbb739db54e532ceceec6b855d85c72bb26132e0c6fd731de774b429e8d80636d1473f4f4bcee6f3d6d1674c696873bd0f4e63e6ece373db34e3cfa274c4f6f97eeee67c86b60acec1ee25264474f27b1304f3a1598cc8346d538c05d152736481d099f18f5273069571820751cc4a6e71d14a0cc9d839178c7ae2e49ecf4e8628dcf7a7a7c99a6a9386494f43ce56a5dc0138b56966dfb922336468736705973924b798743ce741d304064eb472efd883c7b7354ede5c11bd9f533981ce16bd95a82a50443bbe13674e972f3c64b50c97a1d0e6dce9abe7ec01e831e647ade62aade9e0961dca1624175c949594aab79b8b59d31374f12b23d3e35cd59d0dd5955e9eacb88e3ef4076c4c96ccaba1a85e56d539bcea8dd1ce5e393d71569e417ac9fa994fa9e9886278f46c8d9c15e2e43d711aada89c24c5ea1e855c0374fbe79dc4bee8f3f7e9cf38da7af34e189cff503815d386614fb2c830a1d4d6bcc2ee074e52de97904d0685abc91221bbcb34a3acdbe81e7fe818de66bc1e5e4baee57a98e5fafe43a602d7e77a33249946ae8922c7252a271865504f4c033aac25aa097acf65d0f9b77f8d97cbf51ca675c88f7503c65184f172df40f3bf48b02d4c136de37b2e1fb68c0ee386e9ea924438f39f51f32ef20d0dc1ad1a0dc73a2e336f14d7b47bcd3f39edb86832e1ed4e64f00fe99678bc4c91678d5e4641e69b0374a4a0ada3a77db8b2134a9d0871562e28d68da99658a575e61dc35f466be115ace8f67c576b8d9dc9f59c9e75c75528c3324899d10207bc7a6ea8beb76566524693296d4d21edaada749c67664a0b6b1629dd1de2f2fffc4002f100002020201030205050002030100000001020003041112051021133120223032411423333435061524254240ffda0008010000010502d4d4d4d7c1a9aeda9a9a9a9a9aefe3b687ff0088fc5c1b762043550f64afa65c41e9b62cafa65eccfd3c2afe9889c75df535353535f0ebe355dc0877e846afe4f4fc1d76f1f4c7d169bf8316a361c7c5602be9b5fa9c13901aeccc00df31ed2cac3cb282a7e86e6e6fe24f98a0d296d113ed52de3882af594fa620fa2d0f7a9399c044e559580c5339010bee7869c78c5b3cc640e2dc3243215fac255c20d09be4d4e0930e2e3eb2710d407132e1f27c23e21f45a1ef82a0e4ae022944e03519c6f96a722d1184e7c99d94c4b0c0db1f8cc5db761f1852d3d09655c66a22f94e300e4f8f5575cc8ea9c61b9e6367d952e4d42bb187a93834fc7d11f18ecddebd72e9d42563427b4f68d61db5849e4c4f3202b4dc0f2b788f2c40f2c4d183e05fbbd240020d971c79ea7a80c23e62409f2ca5fd3ab272ecdefcf6c5636a544edd79461a3f447d16ef8dc31663b1284c2da96bea5cfb86080cdc06088da80f2086652f9f856a26548d0fc9199a17f078b8f61cb4107a81ee5585b67bd6e6b72fc5cfca2c4e5f487c43bb76f6389b3655b3593a16b4b1f62c3d87b83e4183bd70379b4724f8154155f2d6e40505d88e6da572207dcf53c73510d84c277f1720f5292b37e6cafbefe21f101dd87653c5ba75ca2c063d92d6f96c8c7c9317b2f883b0806a6f509d43efdc1d40dc14fc61099e8bc4c62d3f4b69270ad12ec12a931e2805486970e357d01f0ac1db51a1ed85fd82df2bbea13e09f04ee1822c11671820ecff00c7f0132c6d9f80095d3b8b42c415d73f594cbe94b6aad2c06c4b1ebc5b5c3652116a12a6bb639e42f3e7eaac104fc3c3db1d956d73b0f098f0f61040272d4f5273f994ee071af7af704d773efdc4410d6f29e41b22a3a415a9fb026f748e258824b2f0200bc7dc1238f9ecd72fa1af8160827e1e186094ddbe9d65bb81b709f0dd819cf515e6c99cbcbf88ae2200c6c6e35f280cdf610f6aeb2d389d840c1175055e5538c4416e39c66acda0cf58e96fdcb5071752f190d572acd132df07befe15f7d4d4d4d4582087dacec60986fcba793b2861862c23b7cfbd34a966427ed0a834a9028c87f25e0781fe01efc02875d16d1159f30b0dd5935575fadf39458cbfbfea8ae2ab1972956ea29ea228f2ba12e2bc3e82cdfc020ec7dacf8316e34d8eba2206dc3d9670814c2bc61f12bfdc4e1a8d67868440201d8130fbc4b39cd4b75ac51ab0b78281c51584b2c5add57732764d0c37eab6bf8e9b10b0f4f4597cd9e1be82fbf61d841046967c3d3d06463d95947e25493beca66e2cb9a2b6e63983eeb175089c605817b91bec3407a7c97d3d4ac8f5b5c97d3117d312b5a9d5d3d363e6da28f56e6c4f40fa84945697fde6fd42767e852367819c66a183b0318c7f87a5d659f33105a8468f61d965bee19654fa963fee37cd0ac0201f15680c7d08c08815785567200c1a06a652b9372a8a8f37a6a0464236eb1a370358c8787e9627dd35db8ce308ecd1bdfb082749c80031f9733cb761dbf1ad8f4e529a7b75c6bf63f42b059454d2d5d4ff00e412ae8c6728b730973966aab52149489ab1b8552fdad1759c8fd2a1b47d481e7281a6e133719be011660625c2dc8b382e49ee2030f81ea082c88ccd2d04107e8d4c787ae635e6716895312a21ad8c14bcfd1ea2f8673a20968dca39d63d9eff004aaf7d41df7394e5f08983d3ded6b6ff004e5ac39b9db7610187c8f69c8c1ea4209af5db5f10f71e57692d5065be260fcd5a2b3415b7664dc71ce595b2cc7420e4d7e4099a9c3e9d1efdcc3f163e35990f83d3171d9fc2e616e65cb43dc76e5d844b3e92fbef6bc0cb37a44e4313ee035352e4dcb81e1ccc72e25776e736b456db9d4186fe951eff00018477442ed8bd1e54a95233b72bec1acbdfa9dbf3dbdbb6e0dcc3a96d67c7759c4ce067133899c0fc0bee88029035636d86957a4f9a80f9408cbb4e3b96eebc8c55db57a2025696f94b6fd584e3474653f43106db84090573d313d213d013f4e25383ea4a71aaa25b6009658525196acb95706b1c93350c3f01952973629a5bcd6d8995ea0e2ac190acdcd89c8770b28ac4e2198a064fd3e85cec5ba6a7a78b5fb2f863ecbade5d63f5e155eb4d47a592646db16ae40a4f4d2d5c9c76a4fc78a74deac16c16cf544f544f544c6a0bcd001c98c74b936860e75676fc159aefadc2b3146a5b587535b5710b5652d2625e65c9eac7b5c1f5dbb2acfca456293d4626c71c41e765434a866bcb1d0333d8a65d2de397a895d7771a5268a391a20e81e2eb7e1907e2a67280cdcdce53a6e2786796d8d3f5244b32394e667e611a1ec77e350ac2b1419c034a93461f665d5b89778e6206d4beb5c94652a42c13f350878857f12d3ca61a6f2041e229dc6337b9d5d1b9a8358c562589e13cf25f76f2967daa654dca66271b7e1a7df500efd3310584b832cb635e36edc9b9407b0867ba8efb83cc1e0ab6a729bf177f66de55dc8438f680ccc00f712bf6f221d96b4a93d347ef2b03011c966e12a275225ab4235a24d6015f97d21ed773d5ec183b4abdb2d7951f0d1efa8042262d06fb7e4a6bb6fd47b7992db861316180c3ecb14c4f235df73945337e2f1e72939d78766a303b5dead1caaec256da1f29991669544c2f392bf241ee34ca7446984caafd54b94a1e7c65779313930d18b323f907df44239291a3f051ee26e6e60d1fa7af32fdc6b09edbedf91e0f607c03e58795f054887bfe3b58375f86a8fedd953734117b8f60753d49ee75a9d3c7ef833898bf24521a1f989ad0ccec6f0b8aae2b4f46ed027cc10fccb5f935f83f9c94d5d0f7a7df7373a757c999d92977e47b18b3f22030980c69eeb04f79af804dfcb41f932937315fb2920cfc8eda8001dba740fa357897e8aa3c2efa67f9fa832fa546d68cea070076bf88ac0320296276c91e78ce027a7384a47cdc445af671ea18f567dfb9f9ec6030cdcf61043e6567e5ec8483ed35dbf026a571c6c7d962b6d3b880132ec6be89662e45559c6bc52f89935d75d5762ad66f55c9b2eb2e1758f77aaaa4dccab936f3c6a8db6d67278ab25d4aba5b583fc61a33fcf4b03dae5da959c26b5db7a9eace9a39d9956714b4edbb98262e2be5ccec37c3ad7a4dc464e0d98c98d8566427fd55c251836be3a615af8d8f85764537d0f8cf8b4db913231eec74cba6dc4af231ada17febf225a9650e9bf54cc8598cd0783d8789cb4dd497d4a7a9aef03a8eaae95988d674eeabfe5b3bd7d3ba7bbdbd45a9d751b86fa850beaf4deade31fa831aa8ebc07e8ba9ff0043ab7f4f70ff00264787c76f30f9855d4f261370112cd6bc938b5fe9a8cc7e1db707633d8f45f18f9ffbfd23a258ef33dd8e661330caeb2ee930072e96b59aba774cff0036caeea9fa37db9b5de9666d3fa8c5ea9fc3d50914f581fb15fdf3f9107c8c7e707e0aff007b198faf3af1d60645c71f0bab79e98d69a3a7f4fb0ddd46ab3d47b4ff00e76112337a81ddfd57fafd7ffcfea7fd0eaffd3f2259fcb95f7d5eec67bcbfdf5353c471a9d3ab1c95b94bdfd4b37d90cfcc3efd2d3ff5b652074be8333bfbd87fdceb930491d2aa76b3a674cff31acb5e746fb731ee7beeb3864756fe2ea9e69eb5fd6a8f9dea57b06e59436d1bd97be1f53a29c5c6ce4af33aae6d7975e4f50a6fc2cecdaedc2afa963fa356456b9d8f9a13355fd6cc160c7c8caf9d7f595d94e5dc32dbf5b4fa59995faa1bf00066cafbabf7dfc959d8c4a6bba374aa659d32c11f12f497830f0c7a9edffc79f98befd9a275175c5c7cfb31f1f0329b0c5969badadca5b9594f952aea16558d4e7b8c6c6ceb71e9cbc97ca38994f8f3273acbd32726dc8393996e42ff00da5d32b2acc934c689186c51e0fe17b01e7bd23e735ec0ad835759d1c50828f05ff92e1fb58fb29e98233714b2a7b58df229997f7551dbe55b78274ebff7fbe754ad2fb4d872bc3f7fc8339010fb2b0edc96061392c0eb19d760e8bb26cba88a44f511a1600171392ce68256ebc5dd411019ecff0084f683c9f79858151c5cbc0a1b13070319b10ae0fea1f031151d96b27131d71f2d3f495d58149471abb2316ba2eb313190db5bd5657f6bb7edafbe67dd5984ee63ba15646a5b1ecf52aedd5db86363fcd92e793c3ee234abe62c29c1afac63256d9271f1eabac46cac56c7caacdd8f7f50bab4ff00b2cb441d532ecc6c58dede8d657a550a30ce32dbd5b75bdf8942d7d53f4e17ab35b4519d94d8f8b5f4d5aecc6e995a1c4acfc80f75f630412aff001bd2ea15e1f4f1cba66751e84cff00f2edfe0b6af5f07ab94fd364370b32bc756ea1fdbcff00e6cff1727b59fc29f7667de3db70194e46a74ec9ab8f6ebe758f4785f80cc6fec755f6eb9fc79be87a1670f53a17f530bfd776a864667fadd47f49affe2c7e1678aedabfd7affd4aff00da1c5dfa8ffa9d7bfa7d17fa18e6a34d27f6c7b6fb087b2cc5fdde941593a5e08e5d2efc67c5af3ffcb761e8677f94b4a86cab2947cc4ffccea1fdac9a9adb73873bb1fdb23f81266fdc205316926262930632a4c63ba67fc87f8078c71f0d6dc2db9466d7d66f467eb447e8a7433ac4c3f1d5ee3ffb3cc3ff00b5cdc44cb8e3533ece319c7fd9fea16beb22be395897addd5712e033fa87fa5d748fd1f47f185d2ceb0ebfb04267e7b7e7529b6da67ea2f945d7a8724c67b1e71ac06b1f5438b665a36b8735a01bdf83094aaad96e865e46bd2abefccfbd4ce66557456014b1330ffaf3fe43fc0da283e1fc89f8d68c33f1a1a006b8ac1142ce2b06b5a1a2a1a715d00006ac72e0a614530413f23dc43ee3c91ef1bdf1a2d8cf2b1a27e67c594b6d3206ea545e18a0056b5bd6a3e5bf3471cbcafe2a3efccfbcca9433b2856a5c97234d87fd79ff0021fe027f6bf1f018bec7b9f7eff9eebed043044f3dbde08bdbffc40020110002020202030101000000000000000000010211203010401221314113ffda0008010211013f01cbc84d77272230723f934465d76e8722d8d9087933e7c2c9afd232bdc8a28a2b05ecf47a3c45eb997c17a13bdab07cbc142cf044a3c3191f9b56a88bd144b86488eb5b225889f0c7f48fad7793c9116593e195b562f38f0fa0b179b67932f97db5cc98a57d078362d0eef88bd6b17847431917b160f14f1432acae16f78568431907b6cbdec8f4d68b2c62dd783e168fd196277d162d3fbc323d1fffc4002111000201040203010100000000000000000001110210203021401231410351ffda0008010111013f019c7d9e2cf17b1e6b4414530575aa45faa635c7493c5215278a123f4ae10a99e59051fc2aa77cd98b07c1c90cf21f375c31f254a353c674baa0f31544d97a2bd6f358b1922b210f5bd1245dd9a29b210deb6b258bbb29bced7b1ddd96c792cd21d2881d96c7aa30918ed4a1d3d44b36ac9a8b54ba6c78a1d9722e0aba903bc92542e4981553664f49bc22f0342422bec7dbb627c08afa6f18e6d107d1087cef8bab3babbc206ba349563237c1f2cbd0892ae8ff00ffc4003c1000010302040207060602020105000000010002110321101231413051041320223261714042728191b123526273a1c1338214922434505363d1ffda0008010000063f02ff00db0002e765973663bc68a7c239908e6b200324fd95da1a1431ed68dedaab30bbcfd94725aaf4527db2368599d671dd491dce483a24ecbcf1b1c0dbe4acd31ec56ec4428f6a8b2777d03d8b2838653ae32c8f457e3f8616aa22e81a8606199bdea6acbd7da403f441c05feea255d65b85aab5861736c2f8e6e26b38f9a80d9254fbfba731ad47bc6e8533de620f6ff8df70ac2eb4f676cf345e1bde76f8e628ae7844f6a569da089014c2b0c7c95b4537087e776eb2031d875037b4b569751fca8f666e6607f487ec7dc0a4889d31d57970a7b7e4a400b6570d2a221c88215d468ddca98f453d80e1a85e4eba999054b7d9650754d27313cd0244138c70cf31daca1163428951385d4384ab34701a371879acc3d90181f344be5d54d84e802ba85381e15fb44ee783e12bc402b09570b3d339c0d7077a28c05fd9586622e54f18f12f84b82823babaca26cad25480e96ecb904e39602b28cb281d947b2873e72ef087289c0a9e14277a70e40539c2ba04f84abb1c565648079a9598b93b4591c016a20692a54fd70b7b2f5aed8470353885de56728f2e0dc46326670ca7099b84042022c3759e50c88876b86aa45bd9aa30197b4e7fe7b7a2d16b83639abe11c00260e022c50189cc546ac2a6547ba806dcacce1672ee68a9d5df45ae8b585b7b34f310a4785da611d9e7802a0a9e109d42d54028e1050e5e6b65acab2b9bac99ac5643abb4c0857f6875176c65be48b5d6216bc12d3c20ace409c752aed250eea31a22141b35670ed14937598908a889e11e3077ba1d759878c2208ed792d706bbcb8439280ae54ef8ce11ba75d5dd076595ce57ba11a237bf0ddc6ea9dcec8acdc0be8a384216a80d79950ad8c2b9d559655df51309ce0e98e21e2dd662c701b1419bc28e5dbd095667d5093c2b0518661ba9895a2f095e12a6a150810a55d1df8878a1f5065a7f74fcb60c16599c74089e06fc3b6815935085e6ac00c344655821b92b292a7650169c33c3cac6fcf642a54399e3e83074eeafc1d787005f0ba1f7429869cdcf094392742b140f259cb0a7c2b6a3887821ad124acdd24ffa05958d0d0360bc9168f17252785dea901731c2d51837415ec539fbe1a62f60d6577d40b3558ca2b45dd2ae3827b5a2d169dd5f86c00f344953b6cbbd19918cbebc2fd3cd48f09591daab2d3b73289d829cb0b303f25110983737c23171d90a6c003822c7482b302a63bcd44fba70872e6de7c03dbccfb35405651a059400a4191c4ca44b148360b3377c269d9c883a8ed5828db003cd01e4a3b1e442b147f3abf2591dba8d81c02870908e433bf6cf6856aa2fb02ac256df54438ab28e0e9848c5cd4587518f2a9b1441d4767541e34c1984940e164c72b3aeafaa926c896e88caf44307153cfb47b3d6bfc234f3384dbd57bdaa9f60941c83862d76fbf6345708661015913cb9aee6aa35c276562b3157562bf15e5380b15050c8a991bac9b95e8a776f68f603020d6d9a8dede4afc1bf0438295051c08ed40525342808150b2b5d046ebbd01100a16b2dd45d6b12bc3f2564d3b271c1cdf247b27b17f13bf85178fa2d75db97b104e430f3181ed5d7352392b5cab1bad55f5570a5bb6ab38d17e25a51a4e17c00dd4a3e47b0ee03aa44e5f08f35debb91bf0c1c2709ecc2caa54617e03c8027cd11983ea796c81faa69056ab46a6d31a6a51da4593736a85403be35c24ca253866b1594e20f6e165df75941df8918c6cac3b4472c41e4a7b000d4a0eab48b4131aa2f7d22d68f7a42eb7a93d5c669908d434dcd673946a3e8b9ac8f14a1d5f44799fd41359468bdb55b773642ea1fd18f583669129cc787b5e3629b5ba978a3bbeda2cc7a33fab8f11210eaa8b9ccfcc4c27b6b34b5c1b394f244be8b83275b29ab45c1ba4c84edd44af4e1176cd508de7b4fc8f6b72f3085473daf04c58207aea7ff00559dcf6384c5822f63dad00c5c29eb69ff00d50ae1ec008cd10857cec82dcd109955b52980ed884d63dcd7661364ec8e60c862e107b9d4dd240b05d6542d73663ba22131c5ec399c1a2cbfcb4bfea50155a3bda39a51c2565e6a39f6011eedd51fdd62aff0a7b7f486a731825c5ba2a9e8167a625e29d93dd50f7babfcb9553aa37616955bd1aab747f7992cff00f151e8e3de227d137ab397bed0b36e1d65f36fdd0f8dbf746cbe78850a1698d9420df7b751a9edd57f37ff0049b53e172ac1cf73a2224aacd2f7650ed27c9516873834bae2550cae73649982a9b79d35d59d5b4e0aa51f953474892fcb6974aaff001ff48baa4e4755197bfe7c954a7cc59747fdd6aa7048fc56a61ffec08ab620f62ca83be12ba551f28fe165e6e46ab4496b5543e4175a0496d39552a1cb269fba65556ef4dd0abfa35546ecf602aa12477035a3ea99fb8dfba3f105f367dd7fbb7eeb747d57cb06e12b5c34c1d59da36c3d57922ed8f6db78cd253a8b5d980a700aae7d157f8bfa5d1fe3fe9747f53f654c83045341ef32e75392552f8535d5cbf3e5f79b0abfc7fd222a1a99055197bb6d5506ecf242a3fbad54e3ff0095bf74dfdc08a8454a8ecd3a6f0fccd1160ba456707e4a9a5931b4f35af7109d4581f9cb6344ea41af0e222e1358e65475a0f751a8ca4eca69c406ae90f87f575368ba7d66b4f56e005d36a16b882dcb655dee6b807c659d4268e9349f36366c829ac2c70a3fc95d474b6991b8b829aca60860332775afaa287a60302da8d9e4bb84b5775c0abd3fa21dd329b4c832de5b946f7a97d36e07fc7145b66e59cc850ea9ae037cc9d9581f9b994fa9105fb04ca82e5a65333530dcbc8ca143aa6901b139937a3f56d80dcb9b326d11458ecb69cc985cc6b72f2329f969b5d98cddd0bab349adb8339952258d6756ecc20ca0d34dad87077897f819ff00743306b5adbc351c27b7e5d83b942745dd7c14d7662512477b74cbefa285777c9771a3322ff7c72c1d837d300a77284f618e23c2655b7301063661832f6b5187882d56a3eabc417887d56a17887d505e26fd541700ad7f3519db3eaae405a885e21f55e26fd55dc07cd7887d7823a474897023346c023d23a34b7bb9a39854eabc3a4892731083457fc2c8493d6eeb3b8b83799a8556345d9a9b7c379d90a954d4889273942ab1ee34f913298ea99f3c7e73aa1d14b9d90d51ef5e32ae8eca79c36aba1dde4c0e7d505c607e21429e77398e69cb3a82a119d860df4c72941edb84d779620f9a693ea513cefd90de640549ada421cf0c546ab1a0677e5700bac7d2046966a355a086670623659d94844c5daa853a6cf0b9d3ddf25d18646c6576cba180d10736c87594bc5c9abe6a32374e49b9da09cc751e69ec23f0c3438b79a7f47345b01a0e8aad223335ac96ca060647d3368dd54a7529ce6cb1dd59ea52113166a2fc8dbbddb79a92c69ef3b6f34d414f69bfb3fd22c2ea1d5359f385487362c94ea758d0c94ff813f4f095d566cb9982ea9f47cc0b8b8597466fe67c7f0ba37ebfea5742f8d743fddfe9747ff6fb228e0df4ec5d7573e98d3f895577e98ed53f8dbf75d1bf79aba3fef05ff93fe390aa757fe39eefa277c6537f71ff00daa6081d6c1caba17fb26ffcaf3ca84f92a1fa8c7f0a9521fa8aaffb6156fdb6aadfb4166dd8485f3a687c610f89df75f83192fa26f01ad6dcf5797e68b1fe314aff004548736234de19761bb7c954f815511b184ffdb0a8b5ad033541a0f9aa3d636497777d57427f2791fc2e85f1ae8e5ba31f255166fde3fc2c8ed42364137d30d30d54c9f926fa614be3fe91fd4eed35dc882a8ba93c656bc3d50a40cb83c38ad7de183be329bfb8ff00ed745f85cba17fb26e6a85b97922358747f2ba2ba45aa854848b52727e6f0bd804f9a7f482f195cc0157a83c19201e6ba5d231a870fa29f3621f1842fef3beeae7de77dd37804d3a8e64f24f9acfefeb7429b6bbc3469083aabdd536ef234faf7bd9b82ae3545aea951f4ff2cad5cd70322364c71aaf76576a7641eeaf50c19067444d4a951f90f74ce8bff515beaa64973b77194fcb108a09be98dc29c19852f8ff00a5dd166f6edf750b4c61698681792d168144051b725712b40a2020468a4812bc23b6718451cc8c233b631b2c91dd440fccb26c9c364f8e681c1b80055b640284dc297c7fd26fb77fffc40028100100020202020104030101010100000001001121314151106171208191a1b1c1f0d130e1f1ffda0008010000013f218b792a54af0a4afa0d7c944a3a9f098ebc084a944a257a944a251d40fa88426d063a8f8217738f95cab086fa1e860ae89bc0df5dc4608754e5fcea31657378ff00b95402e55fea5e40adeb0a707f6fdea7cd5f12b303c183c8c78a95e150a9ea566530311de068dc5dc64c682fe329b817ca621a8655ad792cbf1612e5cbf172e6df510fa0bc794583653ee565d6ec0eebdcc4d3179fc7ff0093804c2ea5aced0d75516db825666686a1785afca5f7e36da9cf84843c67c5a5a7cbcfb8b2e1c2b89803898bacf24c8d5fb8ed34f133e847f52b514f1375a61a9503e8a654cca60fa079210f30c205a41ee0d8b6c7358398ac16d7330da92c7fb94ad650e51b14baf529c85e2f12caa7b772ff0052b2ea5f0b87089d1a7af040951952aa6262562fcdc59d455bab8be570c30c2d3544e0264c44379d4b9725930f4c4d3ec949bf152a55fd0cdf8c9377ea3708780f0435eeff0026637b29b68b7a8f845d6b446ce54bac442183d411ca3d32c65c9320bbed99ee266a52b8be211a8208db188574c65fd0bfa1c0062319a9c1f6571e198deb538566ad9c4ea5f618e4f111a8d60635ad5b972be6dd3d47c6ff00312b683a89ada8819ee5e25dc3ebc6fc9e48271e09e2e2d6933d2b3689370a188d2e88d670df0ee62d81a26c2fe5658e4ce5884c5ed83ccbf5c45bcc230c9a2e26c99888e4fa4041c0c4305357ccaa7b71018dd5d4cd96287103857421954fe90334e1c425ff006e195273514a577e0699ed903867501889c975f64655b2532a578e3e866efd0782138f07c0539140b3bbe65ce1d0e1a98310d7b6601b52fea35da3918cc55ac45dce28502724cb8b966d990372ddef98eedf713cefc55a21715bf4566200ed6081318cd84eea0aa1c4c11886014e5ccd929db14c9aa9665b7c8951e1a48173a6722fe143075e657d0571e6e8964de3e4f1b40f1b460d1d18afab84e2ff00dc6b8b0d3b9f2736db2f72b496a56ef24bccbdfae27425e6a6b7e0dc74ee6e92f668fa2a5d165ce36b07572d069390d7530b78ea5cafb236a0f79dadee6397068e222b7e9d4b30e1b8b506219a8a5c712938793c62518a4dc66e579be42fc552bc4c7052b816470d4291ec7ff260adab333652ea3b8b83825a1c31af113799564c55c4b6e2df319ccb054307cc303da0cbcb2a5258c73faa256fbfa816688673fe89b6f970a8f9d031307dc054e6a64630594df081962cb3d4c61d912a64ee12a54af0f8ccc619f27d018788cbe3849567a2669c62ea507f71ebd8c7f9540d3511798c4ee6133eae692b5cc31dc6dacc5f8a5f9e49615301c1f4a2d45cb197084d6c4d6d7d09500f32273e15c19506cee00dd191e65ec236625a36d4d0b04407d2020375b977c4e25cb97165f9197e08bc05c0f16d19854218c4fb2fb98bf398d0e65c35e2bc41f78a9a838d2614e19d9a98da2ca32316665e1a4607ea66be819c914e4f1054be0b9416b87f96600cef5388e1a092af32d36b898bc238a8bb35dee02361544fdcc54d5a0e532f0859ea50c9b972e5be0f016c22bc88218f876f017894191b78ad4655a6afa95af9a9a114de65112312de2f894eca4f99c1ee2b3bc545949af4cbea35b3a9f368dbc678bccdbc64c3045b001d4291857e20e028e614c15f6e642e0d441bb440b772fba774ae828f529aacd300643c31069689846612d628788dde7c5f85cbf26e0f01e11041e05e5b4e350ae71174ae7966fbf44c47e2169f0c131ecfa8bac87a3fb9634fe3344450636896c412805a41570250f94b8398ee0b040496c2656ed7702d8333c45f52a6ed00ee7191d44dedb2336984bec6b84ba7820886b6b5067e5389f798ed97bb55164bbba973625d24bfac8a97c061e0c30fa23bf0806aeceb5adc54fdee02c88e9ae1839bd4a2473c34c462a2a66a601945805d1fd4637f51591163783530a6c862624b46e21a5a24406c78050e554bcdc4843d3499cd4ec9b42834c1df133a47b4b6dbad540cadfe04345a3ee22f6ba94e0cc3c9ff00c8f8b988783e88b863e2e28f1167c3084aeedf7bccc5afcc6d2891768b2896c622b2007c4c0c62663a8fbf1a9fbde560d78ae5d4017712a6c544c76a7dc4d85a4362e195a19567ed4b1038630ca29189e9410ae324c6045a9df06ba8c2c020a6ff00138cd7b970b2fe9bf0b3ece9e8838630788f831459f242572de4356f11953c4f7316098467337e17411b332f0671c780bd2417161f1e2cb3140fa2e3164c21a11bf51c0a98be23a609bc9b80cac45cc02a355a188ac369a30b04041d90c102e65f16dc4e07b22cff00e5fa92a525128c0d4a204e71782f8095a0e74e6e17d887e72cd998623ee5e20d4228e6216a88426706f7f6f539bd450ab832fe91a102fa43c4b3013b6a5b6159ba62c80d353293b40b4af6448b58e4602f2d5ccebc5cc196251353f9ff00cfe4c78584f9c0ee56a0771a4dd173e1f1262d47728d4f3e2e6ef5e4cb556e9131062964eee250eff132e3eda28607b875b1e654116fc1afa4949646d68b3569bf71a8e041a508f743b88f4c4947de80da7a25770ea631593041b95bed285a3d435ff98dfc1e0254b65c8b8aee2dfd0656a9cd3b97e1018f319aab48fb0b8c629431024a3586a08516220a1ddc243c2a57d1aae598410b1014c715d1706358f5060ac7f70a682f302b74cd9b933d66b7130a2b50c2b6b07503017923e961e96b135dc1a560ebff003fd0952a241e0fd219cdef83e59c7071505654a7dda6a356ae1c5f8a89b8717017537b880c4a1a8bba7c1f5e8854adeb16e7335d6a35c5b84a21d1280750a2728fb296677a04bcc96ccaf98d584da4cd1c608557093801f3ff009fe97d0904499ea57a8b055404d18bdbfcb02c4454a21f0b6586126431bc1b7ad44aa98d32aa2aa27814cc0ccb12a17f47dbea6bcf693d73d3f5f06c902387b9d8f58ca273598ab860ee0b4d5cb9351b356943ea27179e2565e822f4bb9614c350aefd4c2e37642f5b7c4bbf8194aa9ffc6a7ea0207441ea7aa62d785e943775392c2afee033465ce710f481c9ea59010d34c42144c8e7d437335cc210647c5752bb8a9de256c810768c3ff82c2b5c34fa99c61ee7ae764447e88662f2c860a0df046e121aa9a8afb406b04550a0b4339103280e9076f2364c8e84f730a07d773146dd9d434b91b3981d5bb1ea2c1ea34171bea769343ff0bfbd4a428132425f3c04278876c03000d13137ee9cc06a142db4c563573b48a0c672a54f645d62528a9c919afb4e7a8b3833f31c298757966ad770bf95f5281eec3013102ebb83230b4e9e1985b4a49eef17e595a1a85cc71ca44d45407ab3be904a3b8a4118e41f00d6336d816bf9a5074d3553472a0155c728abd44befd4b5f72c0c91088061cc4ac3f52a7e3e0b07e38ca7387c6f729c27c20973e9ca5905a717c40e20f88a05b06a3686738a27314c143a79807da01e083b08bc416e2ae09fbe23aa8468ea086e1886fd6882e6e998e8a4c9403eec36e929273b35f0b97751a160525706e3102eb335bcabc46d1a8ea5206c8957564a6bf9f530ae12aa013e04503a9bc25e446c8b16cab5616de61d71e66fce0998ef8f898e6b33eacbe0f2753728baae10b1a75d440a5ab36c0625f15fe7fb868ca5b96ef72c86ccccf7b97aabd43eccb8c0b9690f495151354c8636c90e67530058f4c598881dfcc5a6311c950ed850d13516597414060220211601622ac6d5c63b4768ee773ea54c963005e56d9ee06a1f6e667d61c45777b86a276b2f88f51cb69d7c4bee6eee52cb4da771c3c2ccaca3d91ea6f0986ecf2f9fd29b4c1e06aa8dabc10a3c2315c43c9b6ae2f724b50b7116c2ef7d4532623b6593189ec94c3fa9ba7731d423027cc5704a4683102f7323e22928dccf32da5ff78a98c71a96781950bb1d466986a6028f70e66b7002d83b5837b72cc90166e771e9f3300016e63bff00d436a7292aad0f46605c98ba9c8c7117b1488515ea0663d0c4a9cbdf983396f8ea52b14ba99fb989bb3086e285d339892bc7e978b48e551b3ef335fa4cce6d3461f797d570572da66ee2abe21dde2506bb87c2aacb26a8cdf798dc0ddf519f3cc39ea35304a1c26ad96e5cc2bdbab270dc42d3c32a3fc1023532a3077d3176333ac47ea61a6a2e680601f296d42c8aca1960967b930860f733200c1617ff0051c103920d9bbcc2421825301b1f12c44c3b97c8469ee73a226c99ae6e992fb981ee0d098a69ccacc1089307f1308de2d1d1c9065ad36a6be63dc5bba841e196be7529ad448407b98ae592fe2e6d7a8b9886eeff001186d51407b98394031d4bcd0ca4d4c48e58c7e9fd4a158a5265174f12a1f0fa0485b104cfe21839965a662b0e14d21511bf4888db982f1cd8c4fee5ea06c996770563a1ed2e3957118df6aee53baa8d741c9c4d58e1264f0a86a38e0887c3bf6d29ea2d30d45932afaf10802d74772b0f675cc4ca95953fcc18e7b837a8716cc45cbce45d43467e65b126b715202f6a8e39f98555dfc91da4e7f11e167530deddc45b49670cc2d30c3309d4ab27e3a198d4417784c278bb8e220b40082d013836fda73a7026269876713bdc2c60b69d7e66d5d943bfbc770c5db4bfb81cdee515f99863d7440ef753141b75ad7d98906814565ce1b8f46662a6bbddc77301420fc73116b5477d8799a6b95b938e60d4f40b9b5cca53a0661f55e226e6950dc47701f8a8bc370c73b94ed0992e7c23b3d19ee6ff005c34cfdb8862710f5b96a8f35150056db2ee618d0a1c4d890bdbfec04f42a86e6e6736b113a79dbfecc856ebbfe603cf3377f1770da25896a5ff00c0552a93fecb78a39cde2e1c30510dcee070c09f240655c45c27f8ee573b62e05e9ea3db52f3287a9acc3bb4665a2f3e15bd30e6242fb373ee93f2ff00f6013a6fe27a33f8847f6780e750d0a527f31310048abcd4b82624bd33d30876d9f8afee661a3fbe251602fe7f44988314beb5fda44fb1a3d5c10ae1fe5867fafd6192c32b0ca8a298b98c562c1a2b98e76a6686516eca8a62a230416ad0435eb9b1bccac8a5793bf7dcbe6748caf534ca3ce2113eccfd0895f74bfdff0032a287b0ac4686253c0c262f7315386102b2605e228557412fe9ae6aea15e65aa25f985a3cff0053f41fc65ccf988308ee37fbb89ccf6c64628c3ee16364a2517b23f904690ad4f828c207f31524e63ee2509c898264626afba15f98f6823f19fea09121a637ba4fd90c80203ce22b5558a067b86a1ff0c7fb9fe2bb9fda288d7fc947802bdb67faf3b0bfd5e934a4059a17308b22c3a31297a8e170e36a19566c7c4a5b8338e67b28bfcbf11c8ae1d5983b95d1498ccda311c733d9c4df3398988706ef9596898ec5477ecbfea66be9fc65bfd394e68b20201998088e5a96b8ddbfb9630c1c1eeb199faefe11c72b2d4e1cd4be3fe36ffa9fe9770a00af0476e3561b9c2af529dc6b3702e933ae2650ae32f24a4f5aca4b5db31b388038babd4a942660353f30ff00c8349c4a7502598d41a82550ddaea2e590a18100c914eb7534e2f88ceeb86dbb2035e80a40dfe6143820b30e4a96c50ade12b18e095682e1c1d2543b8ad1ab7189bc0347d92edc0db70d4dae3260a27841f647652f987dfce903bb4ee000a1b549b8901d9fb300c9a2ae9c09adcdc35f78aa6e704d61ca5ed9add54a5c94c86fed04708bc355f68c70fbb2c301fd42d8aa0b57849895dd37ac805dc1afe753969d17e6aa5680d1217f500136adabfb10124dc70315d409caa8e9bea3b0c2e6dfa941aa11369f6987fb5ff200b851aedae595caadbc4578e9b956d5db2aed854c4732712b1302e1b7105dd947ce66d2c3feca1e6f30545a770f914388b75d1599da40fcc0a95b9699bd98ec99c8bc37ee54369af486144d543f09222a9555029c38d06625d9b7c78c9280b9f8910e9c2e1a952a14666fd194cade07f1718b00619a6199756971ee73acf6c421fd90b7fc845e689bb953fd69456d39cc2fbd1142f11ee27089b819c4594cdc526747ba58c2e9e844650803481acb50e2e6e9bc4ba9c4c3a5ae0bbb37910009bee988eb933aa94e3b875cb813ea7178ea5af2d12ccc20bffd1292ee435f73505a6ba2409cd80e6566fe6261d2f07fcc3d88cff99f3030e983157f87098b11dcb1cb0ad7fca2d00832ca9def64769085f38ef89da534afe6232ea751c7b13f89c4c4a2bd3b23b1f3e316614c0fb985b5bc403f9f2ac37890e2b43f68ccc3356c3a974f7e48204bc3f9d6396681df2c5a086819953a605db19c90f52af11e565e119958dad700d281a22bca7a827616347130d56d55b3106429fcc54dbe8879b6b936ff0090add70c0bfe417c5f699b833040175691cb571a2897fd4d724d42178819b7a0732e0c2cb1ab4bb83623b4fc440a457a8d35941830f0f9543a98426ccc4685c105368a6fa8394452d638e27e9bfa8475abf82614282dc622c005a6ebb8a5eac7e70df2f47f0ffa9fb1fe27f93da649ee0fa115dff51ef68e19abe7c4631f295b772903b3a6700b0780d8ce15f0cc652c1f9b39f0f8c89a327f87dcff0013dc457ee373e40c32ff0056bc10918931cd7399faff00c23c51f032daed77fca543bff73fd4ad209fe7f3e1ff00edf6f8a00090ff0017bf065860bf016d159e7f700b1e3a8eb68e15d78b6208675384efa15f42aa6fe5056d18706ae9ccb9a5e7350dfe672ba7f52ec06e7789b57fe099337715d7ff00104f17e3a8f75fc8aff93f6ffc4ae6fc3e9947b54fb187f72c610eee12e83bf2be32cc43b4e1ebe652d82302bcd5a5deefc3fc5ed1ff00b383cb99ea5e33309d95bf0dccfb66dd871093d1875c7f711502f7fb97640163e6f899078fe082b2cacf9f880b59416cfa96dcaab1cdfccc2fb0eea90186c59ec4fee33749bed216d811e31551a0f557cc604b0b5c22982d8bde03fd4a39b1fdf14167cd102a5f6408d1b77ed2c71626b909635d10d21c4663d3e250c8dc57920677f665fa0e966632321947ea2e1608b181df12d0a1a5149f8858956d731a2e8429fd4a8bb01e7d7f110dbb04fcc9c88e673ef50ee897fe4226550f87fc87a8ccb1d75050a973180b1f99743c421ac40b4c1ba955318b8afe0f1c968ffa4441946f3dbe0b99cf8e23a4d5c8bdd52e502a405845c039a2fb9438310c006609144256955ec412d9b982b175529aa878adccbdc692a7e26881ec8625feaa310474431659d56a58f9254cd36f75064a304c2a39fa20dd750e53d7713e96607a424aba83dc6e6232060992de6a35d416f04147b30447c130b80a6edaea2456fda0b31a11dd42ee6427eb4c25e05310d36c458553b9806a61f1f8fda7f28e17b955e07d7a3898fcbc38a9753b7a97858171ba33041cfa9b54c46643365f12f73da0e7b9a7dd8962f24fffda000c030000011102110000106fb6370f2024258faa4901059034697b7e4ee09afb692d786967b68be438cb6882cb9049516546bf3cf7d520909eda4d7b350aeb5ac8483f7c10febd1692d5c43bc594a102454f45527f466f33d4ac7d970cf116c9cb5156a13e03e8c5a7d7501dca3dc8f26b155f37e3985311b70805451ecf9aa94294a9e5c1c496a6aba9b079e753b1b1a9b8c7236ec2e1f2b722f76b4234e73d3ff1cdeac1b845a0568ab22278918d2a023ce23045c93bf4f2d8c2bff2d43c0c0b430e39f38d30c30c3f2279264e9fd79100acee8440d78d557c569a0a2c30c3f268108a5aa8bfa32bb5006f0de72e75c45d2cc1cb0c3a308b3dfa9fa903f4651c901271deb275f31a251ac383f3a3b6757343b31ff8cf148414bef2190f8dc8915569a8193d3b70120902771b146bc3c7041f376fa418e66e2cbb196490c1142b96fa734d0049518f6a108bb4e02aef58b320e002738086a275e4096305a7b578c9c9139f8261f0340eca48fcc96fb0d518e0ad2c999dfc856668cb207d2af0a322e8240c7a882327c09420c9a5ec855ec4bfc9084caedecb0c736b3cb185b927d4777d58f8dd2accb06620e55f7d81d9be430654a78fffc4001e11000300030101010101000000000000000001111021312030415140ffda0008010211013f10f2dc1aff004fea13d5f6fc218fc52e179a86c7371611a3462718b0f7f1a5c24c841af084687f012dd85d68d831b4b055d90704a2c427c6213230c2c3704aacd10989112c43209437e492e5bf8af241ac7594a8e091d10b84104699ac17d3c21890842e743ee1a594d8a1a315a504841ab16aa88b2bda5584f0a9743597708e874b4723e134284885f4fc28d0d2821131c0f172d0a0920f44706ee8b373064cb1b5845c36bd2381b70d843546a7d3a268594362e5098d5815f44f1dfba3f0bb9986e0ddf14587b21d090c7a62faf73c2e973041e21fc0ec5cf0b451b7f82b311a2aa7abe5a0b2c4de6dc173cae14649d36d9067e794bd36294ebc58c6313c243129a1a06d05a1aacdf82704f0d1d652123e89258a263138374683514d10831f7e5451f999a1377cfe652a86a3c5e32a1bfa47e388416f14d174265ba3446cc4347f54e163773c0b624cc1e1770b034449fe1e4e447e8b637b3a85d144c9b187d111cff87fffc4001c1101010101010101010100000000000000010011102131204130ffda0008010111013f10d5b6db6c0fc5bfc9291df6f7f96b6b6bc7a707467bf1f82cb0b189935bfad258c6e8972db61963a12fe76fbd37f1a40c29f6c5f6f1899c65f26e6ac9b325e6c70ee49cde03e704b7a1ade1848bfb61eec788af5838e04d1f93f45c2197ad8f21e1e5bbc58229b4e476633eadfce7e1bea27f197c590c76b4bc797b89fb7cdf767e35b7f0df5131296dbbe479c1c2e4f48380e2c65e7968d967e4ebc065e165e1fcae2642192c7d8c13f87847e1b1be74e07bf867ac8e47d969f9785b0ef565fddfc8fed9675b2d7ef024859edf1f96cb3f1bd64c70321b4e0d364f6f90cc7e4a2dcf663e7e1fcad8cfc9b66dc86163abe4cf365de0449a309f3ad9cf2deb3c5bec47c8fc2e5bec9c178b318be2f2c61e5bc5e3e777b96496444f9d751b32db1b1a979b23e234814fa5e5e378eafe7189e3c1dbe9cd93f92ef32c406c9b04f97b69106cb48e3c197c89787e12cb0b0921fe4f3349f3f2db482da3f323a4907b7d6278736d2de696938c1d6ff2f7fb1c07f90a2696bd59061c7859244fd882ce65916596719cdacf97d71650ef1e161e31f221364cf73fcde7d49b5b67c83c9433405f4c3a1c142dcbebfc761b78b0ccdfffc400281001000300020201040203010101000000010011213141516171108191a1b1f0c1d1e12030f1ffda0008010000013f106dd7d214511f2203c40c07334f12b3e10f49467bb6707253c4f54c630f681210ba274c250e2a7a22dd4ac05d4f443c0827152a0c1832a739960fac2b8e0c388150295d08b73642e43afe7e366a67ff0097035db85c021489685419b4be2573802469e872f9950435ba7b9455de368213a3cae13d45c2ed9423a5be39a38bf31ee929b70ee8eefabea29956b50a8b97686b3cb109937e27ae1e908f4c9839fb87665636ec8d182176944b6194f0a111874a4ad04005347a26005380ec7f2141e499cc775e606b2bd25edf51b37c4df1c962b6c9626328449c4d7d031a7704c309f50fa748ae0e454cc7737ca3a406b8b971ccdd87501e7b8b423a275b1e08ff0010c0ab42b69b177c66d2ba9760d14653c1d4be68f601fb965208e0d460ec1ea74da980d7e7ccdb81542ffb8a2b8b7d1d66f5f312623548aaeafb9c51e657d01064afa2df334e587d2acf4c5ae21c794467aca571daa188f147b7dc6456457faa5041aae599036ca9d3620127b6425255af33708f024150e4b250ef128ea37d95295a944bdedca1c47c11ab61a5faea1f5e6709c898669cc57035945a9fd7f7b23e3b0010405f2a6ea5c62f552aaf80f051014a2f00f5fe21f43bd30f88a216bb9a1cdcd315a12bb7c7df7b38fbdc353cd573290426dcaff494a72ed7751d9b6ab2e8b3495f0e0297f77b81afa5bd8f4fb89073121e5f42c8d949003b6c4a65905a33997ccc73091762f489d50a00d8bb5956271159db4dee2e86cd567b82e2cdbcb0191f739672924c0ee21d95c6e378c23bf4adbb73f18792aa017d798e45521001f98a98cd6f7919503613b628538c13695b00731a504802de60f8b223c177ba1653c5fea5e1567207c1e6bb9c00cc5ad0843e3ecdb575f3f392a0a9b496ff00d9782069bd6584e02f75394bf1910a94aa9e0ba7afbc27800ca89ed6f7e3b8294f48612b86de5ea2456d1714e874802be499fc5c05d416408a1dfd17730e62789b46356990651231f6c61750e0234ff984a29d1e630179189dc0299c06d3b839a99a160f00cbae0f422401d78104aa811b45cec56c1b57e491e8415ea3a5d0b73482955153c97a8f54083b2b6faee0352b2ee770b0b8edef30dbd8faf2fa541b3b2040c9ddf4bd816d56acbd3efc41f43424d17c17c05d64c58bf3ce788b201fdcb001aaaf88e4a76f03f35ebed045d252f20717f1132c43801f7607ed3606efd7c431b791ebcf306e0945d3b2a58a4cdc97f90d2c793fe47339764a78bbe0bf88b32d92b28bc25a10fb543447a9502e3e6a2961b7f1106d07b13060a0c1810751b6d562614e93cca54aaef821a16b8f30ca50bbae525257b01c3c108e800b931d02e9579672ca0f04c98aae5a57c5f1d44251793ec862a8ac1794d2c4a5e98d9011a4eb982db7e84b5c788237ea06907b8106c38c0fa868d7a2e1d8a2ccba22b996a7c40cca6a81d5aeaf9df24c2812e2353c0f8be22a6b1703ad235eb584039b0a53afccc1429b05dd1d0b172d5791685a5f5cc6dd8465740f3dc5c0a7c3002f0efb8847c94f7073c708ddf305784205116002001f795280b2e502b05072c008ad9128c015758fb96003e063b7d2c9c7d4bc93a8510abe5001bafd1af079885a252be0f334252d970804777360c87b1e4830c6c839b7b94f0206a403be4663911f7f4ab0a945dbc45c22cd8394013812c363d7c4171184e509b8b2e04cc0b8f80d4ecab95f0d24a2f90650632aa3470adc5f1f1ee1eda3bed798ad45e34ef7fbf88b698163d7f6a274447b3fa11097a6dff712e1f07a8c0a5f35388b53dcf0afd4292de2e9231a75e228a6bc79f5028897ccc13612dea2529d92a3f438a75b3c05e53a252e139389bdd6e9659f91b20684be57101b03b78630f42b1b07fe5370f17763c3ed1ca2befea71034f1394e725a8e6a6d074171962ff425455a5fbc205c518392c6c271b2c177b2a96730745c2c7371ebf1ff0081f49c190ade42e71f4052c561bb3f4cee1c65050350d67214895e08b0e2f736878ed7445c31b8037b533f009ecad25d0e2d3f21095b20fde2c365f9a99294aca3b8a900f95f1f32ed2855e77325b2988cb5cbd5aaaf495d2b60eb925b7526e9cf7f6956005d078afa9392121f80bd3174384be3d4449b55fd0fa5d4b5ee7413995f04c0443daaa3ce417ecf8888006a8e4eec09a235213f0154b988917290d1775023a121ca8403bd2df24ac4bf17ccabab51fbe35d85f998540f2c6ee588d4df71d232a729a650fa3221957d0b1bafbf33fe23ee10e14abc2feff312ea6b62ff00be2202fd8e9f7046d6a9df9e7f5fb9688d3c78612c1c3a829281d798a99814db1035b39f705d1bc3f3144de8e20157d79653ef2015c2f425d8598e67356111ea7177170ec5075518b20d152e3f4ab82816b14100f4c20157de45000b6cd3ed076d46ba92de31c1490a471b4572016dc6e03cc362ca0dcfbb96787e012f7d21fb19d80142732a91e4f23ee284071296d40a1500711f561c27a6e6a55f8820f32a9a320c491ae2b96270265c9cb30cd1c7611696737d4c9c150555819f6d896836e6e006dd667c0d3fcc146082afcf9ff12eab0f27afe90d0dbf1f128bf48c940f9546141a38e256bd18c0a168dda8643417140d8e97e61a8c3adf0f894d6961d256e7ea592f05e10a90bc6b2984a5f1a62b479ffc10144f10858ac1e3dcd51736d44009b73c4be1138752a2559f7c4691367310ce2babb8fa41e4f5296d3c392102e2671eee536180f102098f223ead0b0fe26c88fe13691c59306db3e0cdf4cb38d88c1b571c6755f40af04047880bd4759ea943c412b9672ce52ce2ec4c374a9794a15565557f170a56cb0dd3e98f916ccf938fccb0f5ca96e655ae75ff0021629cc230c0352c0972db8761fd42a2ab4df0886be537be2705923f89439b1581f994925351f46e0b6548d94e0510835849cc5f32977c24e5fa27af90f31c784c6b1c1c4e0ae65647ca5c93bdf111d823744e1c035e19c814d4209030b1980e76c303cc391f15e2796b0e9e99b9264f3a7519e8a1d97dc1a9f02f10f37601f110748b6e25ad56bdb1442bf12a7550b36e11ce171b74ce1fa5cbe081126cb66256fd2de0a5088f3394485318242953e0c59d9972f294aa72bcdbfb9bfc29f338aea81f69c08aaa6bcd4ad53e62d9215a6cdd7f94c27d8367de152a0165238daafbda8dc28caf847fd7ee1c7d92f9fd406690a296bfe54c18b51bf982a0e4676e2a77f98049470ebb9cf3d80d448a290edf72b10d42e3120fbe180b565a2b203e19cea14bc1610500e74c4b1105949718285dd0731032cb0d600f2903c7286252c166494099313ee400d02d17b972046e0c6e9a366e5cedbc3cc29bbe26175c458405c3f8508bd9b7e980c5a9c62a717d3501a46535ad5d0b7c77ff006006d4b9897c7c9c544bc540d3e2582822ddf77734d4fe51960a5bb21d4832af60cf11400f6082200be207804a2c5267ccb690e69ff28f02cdd25e73f7fa20d4bc46f32d11ceb0ea6d2ab62509890988a079c216ed4062727cac4bdc8631d896a504043a7dc8e1279d22c2805946462b8bf2104d9435990662f259760c618e43e53944467101c325e425d3dcf85bcf0fc4c16c261714ea5941e236e65c53c04ad88964d20dc80ec3091de4584ce0b2bfb65b8efe9cae0b7e9499a3435e147dbd7ccb7e485af2e7ef155974ae65114511b7d402b9e65af24b8e40e2515d5cdcb66be6380a179825dbdb783bfd410b2d51f179faa8d8bde9ea98c9f685973e9d8cb30484ea0ba07c445491d1e0da36378bb45296bb87114f07447b8062830f768c26a76cc0870abc208fcec3c4145f98d734a58ddd9b71be216a854201f80373b955bb632511a1e4313912dfd172e5cb8ab83f41006a5a01163895452f3f41044bc65dcfa964ac7997581a21fa99a2a6afe6aeea19402f7d7865d33fb4195575b388505cb2355e0a83176c03cf242bed6cf98fc43d10f8bbd31fd8879a301a29ae70aaea0df25314c25cba82b25133b99aca68f68f11392e0b61a7b25c4ea30d06a310096d605ac9592da572b30a6d9616e0195f306a006bbb88a2627b8548a50752c0554c79c222d6a5dffedfa7e97f989827885551bf70702ac254d91e458bb97348b65813a4d2bea16fcf1009601da5451c17e4b82791dc5f96c61b1928168dea5b5f292dcca5cb6117ce32ea3a459a074beb636274e5350a551943ff0010b6a0645086905e2fcc7e91ad36bd106a9e0f241488f67982d1769d4e72c8d873b73442d4a033d794e66447b3ccdde3b09b9b69743c31245165bb23215f74d62dff00f2469e0fdc1275024530a463b167288838bc04ba563b6728d4ebef840276baf6e8d0da25c441f4616b89758447c73657d0710b2a69e02711bb9cf016bb79962aefd1612530dc8b0bbb7008c38dd3c129e3b5b10439fa175ff8e51d4c4393b826a476a184127580b0bccf88194735c929db7b55c4a6fe1711724f03880e89bee8d6a81f8d464a1bb7a9b341eba9b76acdac6092b5f2a848deafff00400644322a212a72fe679d190fda5cbb225b937c2c3ef2c0a0a78f355d10924171c15e57595198750bdd7a8a44f2c7cc49c72392fd8c6db1d40efe27607c4cb69f46ca003b869352972f25243e82bff007a165ca024fba44c4135ae61a8721862bc62bab98ad4a5f495ba28ab6e700c2fe480d4784b28240d8e0256e8a986d4f8de61020cd21d4a90876ef88a2360ae92d5e65d90ffe42ff00bb98080b83cc0ddda819cbea43f736acc51c79e8fb7300896c343d9e65ada219c4b5a16eb1cc43ac978ad03e4a088ae91b46292c80ac742f2b9d6898eff2834e712e0ce4650809908a5e45affc9523c9378c297845f89cd252145a8aea1323ada194154165770c40a15f3308b0dc41949c3cc3b06cb6770a81609514ded656f886c0dd719944a6ade9a981321528165b675ba895f4bffe17f87fce108af88eacbe01e195e49f24abb68adff90c45c5f23e3c7e8fdcc4660251fee16846a8b1e73a81b0241ccbdbf8b8aab9d5f3154540f604bd7031b5b43c7b22464b7888abe495ec0b83a30c665abfc46107da96bedd44540b8e83e212107aa3537fc4183dfaff00c21cd5bcce2c1cdb48c24ad83cca6c100f6986a6eba8a2ba39a1ea2d25fbc46c358f12b154ab813566bca5c436fa86515596d5c305e9b112051ae8cce1fc4e5dcb47441fc7b5692e6aaf0111303c9ffc45ed2bfcc5181296fe08ada7e21dc3f106e1fc455d1f89ff00e2436c64a5c9ea2fa21d167dd820e43444df0b293028da2c65fdf65c61b9453baf7123799d6c272e37a8e822894a161e33a89cd102ae319b52c04abea5d8d59f7475461e197af9db631221d387dc1c6bf07fd20fc4d76be0f994562e9c7c2436db7c88577e8002bebaae129c151dc8960568e1653780f28b1c9dbfec9721502b62d4a15785e609b39c81e42984fc1389b9e5e486ba08f939a9a0126f4fb846001067a7bf995851d871078a07cc1e60b03beece7d2b07b95028fc90ab44ff00d912bff67c42bfcc00e262c99f264c850c8321497a8fc168a83e3a23564002abd44689d3253c8f12832a043c3cf0458181f015d7e2aa2a196816b5a8b4ba017c7528da1bfb32e5c18da8fa010e6de6342bb5589dc53434e4821d92966d76ce2a313014c4ca6281ac5dc0c9bcfa7f711ca0a3b4d023ba32d45177cffacb10711d5403e9a406f895295521b0b5dc60b238609a42e88c01794f71b5dc4453d54400a25b4fa97ef97632b57f110712dea7baaa825a0fca645d03c5fcb12a9954adc551a8db18e7a599ec8e63bd7ea1bad2abe6502152767c4734db78111d089c8caffca2bfad9688ed9c8b65bcb2c2ef25d25362e0f0a6f718081a5cfc107a84cec7fade6a1791c24af6acfc104688745207adcd979a9d07a8586935484006a1050c2abcc373e67503f5c1ce6277459714d8fb422fe51614089d45a689cca45ba70bccad000dca4168a47b222833aabaf15050bbc31a39867a8d85610ec6e18a67fd1659d93c265545cf0429a34605f2a954747986200ca3965e9de23cc35643efa9618217da6027883d4a13137bc256b5b3b20a802555f2c749b7c3cbc4e3f7c0b6049298c6d94b61ede6009d285ca95eca597d12bb261b5ee170370472d38f27108bb4e4596d15a2f16e15389f1ff834bfad951d980f33e0c3a103501de50790e8f129360a8b1cd7ea01d42c68e1cf20d6d733810309a00dafb47d8f70495c5774f98edf9076f8ff0010dd16d60b9503b01a6aee3e7c9c908687a74c270a84bf8e273e50969c92c88267e602e68d802aa4f33982be2f886575dcba050f3932a3ef25af4f27c478a29564bc2516ccb7ccaaac04fca0338159c4245b2c9489b2877e2e6bc864abed2cdc77788c57367ccb00c509fa60000ee8e08a3b0efc4714050bc2b267dfcd708cec3ec01e8173a629e03e08bd239797e10d9d8c3d0472aaf382639606bed2fd70e2d8b104361d430502ad3f13454213c25e90f4f7dc67a0bf6908bb853e25d9791e989b52a52f2044f13fb9ee16fa9d6f08aeb03b9b0eb073dbe563175565287e697ede258163bc59db3cb57ba7de36481c05638af019fb945a23de6372a4d3df512cbd1a223591e7b81e0df2f98d6dcd557942b668b8bfdf72a4354a2a71fdd9aac2d523b11de89c05f84bc8a93496e457a5f50a598d2568a4abe7bd8d40a575d54169548f83a8885a6e2959e345c228a3446d41837922d92eae1d41f3ea2a5399929758dc415defc4e341aa1be6540ae35d8a970af03044c0683cfb6284ad517cc6b1f80e5230505535a46bc3d2bb3b2bb8292f67ec4606b93e480ea0b7b5ce1a74f50811e406b14910a5293d45af23d143b2101a0d8a06f71b385c578db8f420a47b20a3e14657943f72ae9038ee081f72a899fe8e603610a25874ab4076cb092f166322bf2242c2b35e8dc100b6af61ae5f74e429c17cfc90231a482b280d42345ab8dc534d4f39c74e41c4aa48e4b2bc9e4ea5373677c3ea09a267a6064d50e5d3dce5585e5b7bceb88cf3afb1821a30eee39032d2c4ac94b575041d29d752db1488a64bb455900014f90d401a888b7ed1d8e46a0074c1cbb800bce346401586d3f31543ec8c3c8ac83912cc39c48d54b6d8f71cf1304766b90d2e12a731c80985cfbc64cb9af1f110850729afccae21d89dcb14062df2f73c8d1dccaa2427b1e22fd7c5bf79a407dbf06607f2ab1f0fcc57406bb8456b14b488e7543cd4e0dca878983f12e11543a9336b2fc4bae1137a26907c9ff296e11d51cc47239c1598fc114cd9550b7f64db08927de7a97ba2edeaa515c9746cb85d9d34f04a045d8b0e3f7dcb6d7ddaf5f78b0169a3592b4c2de47bf71962385e71fdc8d8ec17d4482bf940581453dbeb7f3150b8db3da2a9b1ac0ba2180d9c7e6535282aba95795b8bf995d2a6c7ed14156abbe023a291debf9949abba12ee28cd527f94bf2de6cdc8c34ed3ec659c2a70f6431c83af3e2555ed57110c35a632c14711d2ba86ac418a12d17c8f9844d5be25af722d57c44406786c1bd81a7c312b06cd1ccb122b472bd54e705d35ad3cbe615816118cff00128eac87f84af36013d78983ac8e9e22ebad7cdc7a4056d44017b5caaf24b00f0c17e60c7aaf38466d9d45c49c4512d1b95b4f11103442af199433fda0dc040708a0ede2182bf2ce15fe0084ae3238d6e83abbc9784ba5e5fe6020e07b2ff5112f2e9ae251414e7f32cc00f0c147813be98204ad7f197125707368009a3d408e835ff736b96b7e634a90bce73face7e1961cbdccf88c2af0eccfb4533585779454b0ddb1fbff00b100c9d0f111b1c2673cca8dd2932a0ab82727998805d5f3174b6feeedfe66dd5ad42a5917da5436095bb25d32a5e87ea2ec576f116566ad10b568d7db06c4d5b5f069ae39950fdbd813906de62bd870cd6f1afb54a857ff00dd67686509cd1c2e84b7642a80405bdf780e58db6e09c7f71da16e20576c37ccd61a16ccb1163cf72fcdd27e20251cea2c0014a1700eef8b9c3322e5e8b6f9c8eb100548d1583ef7a47fbc8add028b6a92b18c082aad495b84d168425227888745b95cec2a48ae44de9be212b7e203376d8c719af73919f495bb414df5ee63c877103c202c0344157ff44cb5ea25fbd03d6d2fccb60eedaaf7cf3321e7fdcaba2b44e6a1f4b87829c6cf715f00956e3298136ee1745256544a4454054db6bd9529e150bd6cbfe52d6651a795aa7da3a58b10206d899bc45265537b85d42b615a41b97dbed36121182af0a5fba8849a961754a20f1e096683e2d0222b77fc25d1e019b9b589d355f78a1bebe2c07578be21b69b6e1234aab979f78f43314ea0b6b75f68b97bd932230eb95968216a33e19423f90bd7c54209a07b569ef98165bbe6a212e1adf30b5a0e0ce860db3c021b7038af41987f8405529737a121756f6fdebfc44ba804fbc152ae85aaf28b58053c24896f1fde8e8e625d52a50056abdbb2b0a187362bf48348b0b8beaf35e057682bfa8ea2b4b37e6d2bea07f8af73b227c32a26b178021f08b0507b6f89685ffa12e0e8c68e2e14b309f6b8167016c27601423070d20b02b350ccd12071a1ee6e523966929884a63b50140303b568fde4a2fd330b9a5bd75ea1b6d117356bbfe9546479845bd868e0c568e1b6caa05ab2002a8bf72fe738bf30fa6ee744fe4611aa9e79052df85288630d4720be258714d76c43aa5666eca87bf4fb104f974a82fb511917a5cb44819d633ba354c3d68c68d6db5b183a540010a3d5bc2217a26bd363d44b03c3061500e83a3abf241961287dc8a602961a7640d43627abb1fd47ae8cbf254ba585037e41fdc4e95a4bbfc31a5be022d47058f30bda9c6788c6ba54e022a67791d60279cc46ff0052a21d75fd5f30ea562fe0b82a93de87025640503c5a7f98c4b12a283228b5b38400d05dfc4201dc9d244fb53ed287ba47afb4180522fbcdfb8fe1114d14a51d7f3fc26e9a7fd488aef5fe563303752d56a2527d9181a196cc7fb700529abc405c22a587d9085bae5282328805e971a94690bf102d58c710adec86515a84b01ea1c335f3c537dc6a85ced04de57b5ab53538516e3eff00104d16a36a56620b6c0784ab6eaaabfbfee64595c5f3dcaafc44014547ec7f119010b4e59c7c4f0e19df6320c26ab8a56dd1a46c8aa2e2825f71639401a20a4520ed05a3be220820510ba6fa4482f5df4594b0354afa9bc97ac6690635c940f762d6ce5a232f8737f87de67fab896384d0b87c3ae03ef2da136a696c05806ed6af38f9839304e451f2bb1c93ab12681af2fc770e9d8e44b2b750d859005bc78f33752a14acc61c7ba291ce87191faf8d8db017cbb1d4d295855df0ac8e0275da29b7ed1178106b01f4903d3f402c6bd556c4bc85ff00ae05d35f118000a7a6dadad837071ca232fbdfc4a7fa0600d41caa3f68936c02811b5cf4d427d9337284f20bbda6ce2523c577db8f2838289f985069798701680eda75177155f654dca90f69697b30b8749004ec20376ae2044d896a9197e5a2472bce0a26017ce933b8268a4a0fcce070b1561ab74f4f50f547591d03c57ab8ae169d42b0e0f5181dd19e217863446e2ad165799ab18f054318a869a347ee2ea521b5684b742f2c5770decd594ae1ea8f5066a17db899a2390f0597e7c47135da2da36c32ae2beb14486cc7f0b9631c5252aba1f6b8521fc014b57e65ea4f6b103774541c5d4560780fc43fdb49acc949abaabf71787038ceaa9432f73e30910aa55d7da722bde21534b637e8280f0b950a195ca787d4c740405e677517289a2f1054abbb383962875f129f24a1270b168399400bae2b60c2f67f718d3d7391fea0ad41b68eff00c4cc50f08c80d9d0ff007306125287e62c83a11687ccf365b96f9fc43015a63038482becad1ec838ad22b33280994568abc4a4226cb2b7cb1f04e5b63b08412e98e38620059ba83e6080e3478259e4e3cca09c9f9412c70a5625efb66ee5384a32bf6816745816d5af88c7444e16f23fa08990c0e5a1beaae11abe66ad8475e8d8d67cf644c751e78821ac4a4181844ae413f507b0de6c8f9a853a01fce41028dbe48845a164a07bf0cac3aad415ce5b2fad96a142fdb97106aaa1abfe61859c96aa7d7f996426b94bdfdfed2c29ca0ce7d5ccfc16010f37e7188c16e00055fcc3ae9157679ffb1123ad2b7bb7a95144d4514873be9c862a95567d6c3d688022ef3bd4c49ab0936ea5eb7b9663290b96f7d4adb4a5e131f8fcc0e6f661bf3716ad253d3dc74f6bdf421a8f061cc165d000ad143525338401a679694ad513cae8311b894545b9580ca43e0b55f99634048279bf945123d5600e2bbe528dbcd5960ad0d1ccb1c4dff648b95808b519e2535116d00afb4e7c4a51416fabfb962fa3282c55ad5f889d4fe3fbae5d1199eab11edbd160bea02041165a64ea7200d6053bdb5c347eb0157e6560744aa6ef8bdcb8813b12342215a37b2fe9cb0603ce3737814ef14b6fcd7e60e38eaf765b77e59cc70e6c56a12dbfb41239f6886822f840bfdcb9e7aa2aba59d61731c2b5b1af395199032c58a2361035530be54e4c0e42852af3ee4b4e8fb10e8f3a41a5276853191da38630556770da937bb61b75f302b88047a3afee382c607d55e211fe2814007305ea301434087c97e088da72a034aaace39b8623a5a28ab79af3078e8d140557174c150b00e0297e2d84303bcb719f687c426e44c1c78a9839fb06b2ea78dae37755338132d120217c2402ee3174388ecb161457518a71a476ba21c6f8d14f0c0beae0026986a888b0738c445a0fb0bdd8aafefaee02ef08073a9cd8e4eccb52c82d8bad8082ab834fcc45bf463fcb508c689f20fe2733f89346180bf2e575a42f6762faaa291e668bc41b8d0f16878443144e1b844bc3e4989175d9c6e233e828edcf64bbb8629cb0fe89e595d547a72bb8570fcc53377d445bd7139a4f07d93d693fb1f1195398a62d9c6f30bbf568d34e2b5de66ce6f5d7503f7ff8960d30de8acf4ea3bcebfd88407a9aa6d17c7da6014d97f09bab5ebeeac8efaad5f3dbfb95fd9edfa1bcfc4fec9520d86f4b0b3ef8ce5f70ff0053ee50eacb3f28eebac29d578fdd19d0121f94c5a3915c5bd08f24bd98583897540da8a9e20ad2e24655ec81d1897dc842269844d2c76ecc9c344dfcc470b49ba06886b4d84a950ef0c41d40f9270c846ccea024f741a55bf1288ed92d7157eb19755347f223ad099498cb554b3ceb0cb7e660d3d1608dcc14d396d83570e05c3ed1ec0845407005f895bb3d54133efe7cb3422a320d8b9bb9535fa7eda061bbe7e2aaf3f73bdefc44177ef386fa8a08874bbf12be4f539aa00ee95fc448343d82de58fcc20d63656e83eeff0048b911f05c0bd954b92f80f3d3ab4d90052de5346fde3ec809028b808ba881416e588f1fd4ed4d68f888d9ac541c05af47ee3281f1c8bbd00a50e7ecfa96338d70341782cbfd4a8aa4b3556da93632bf01d6829f759d547f9c53e3f9434e1e8bcd6e588db401c6ca686a1d1a8c415a882eea82dc5181ebb2e24f216aab0c571a4fd89cfe12a378d798506dd37a4d9615a792083c5d40bca097ef9942c8103c92b4ac2b28a8649ca04fbda5c044865c50e68e7c643d2be80c1ab571dc4348275a38c33c44008441a0d147719d66fac9b0b8e9293f70c6d89deba02bf71ae085714a5286d2fad94129a05fa037e6e08f65885085b7a84ba5f065d13f5d2258c405e2a9f8a8ed140e153b65c5158a47da1ce7b883cceee5c0f8126ac057042777584a22962d3981ac85235b2fef47c7de2a2c69388ed3f8205d9b5f313bea3bd288e97ab20044fdd7dcae65414397bb94418de10099bd479b8ce5d4b843c07f9804072e3a9902be12cfee4b05d8f1853017a9589c459b0d54bb639c36d81076b7062be20955ed09e7961f30001459d593664bbea7db17e95503609aed14797e78fdc497c362dc0b85de224a3c018d5117dc606a11670fcce9f13124f1d8a8626b9dc0bbb2535398a4dcb7cb1d9a169570940585545fb0f9a7e95120d0794b7f5f100be7a5472cb20a1679d9428b1ebc432b101d440a47b04469c80eeb3a9601825e7101ccdd09a2f367d37c193cc9006a7cf408b727a150b61f684a3f55201555ba88c23cdf75129bf438e0871e67f31120547b8de2fccc95962fdc73887417896b53d43ee40bcc0ff101377c443634957b0c26c4f67954d782f89c5798dd49f1935ee452732c72bf9896ad105ad0f2af960a5cbe483a221553ffd9, NULL, NULL);
INSERT INTO `user` (`id`, `unique_id`, `name`, `email`, `encrypted_password`, `salt`, `created_at`, `updated_at`, `is_active`, `is_deleted`, `is_admin`, `activation_token`, `default_site_id`, `profile_picture`, `resetPasswordToken`, `resetPasswordExpires`) VALUES
(5, '904cf11f-9a41-466f-993a', 'test', 'test@hobby.local', '9730dcce5169aca755381767a284e726e9297729f82ada9ea99176f0c1251539bdd8d393a38e8c0e8eced805f08666d495e4534c9bd74c9188d3eaa31f43b4d0', '8f675f19a777f533', '2019-09-24 14:57:18', '2019-09-24 14:57:18', 0, 0, 0, 'bcdb7436fec7747862c9aadad1bc93e2e510e45d', 1, NULL, NULL, NULL),
(7, '1d92bf15-66e2-4e99-86b2', 'john', 'johndoe@hobby.local', 'ee697fafd511f5556e4afde0dea7f7e44d5a99dcbbba056a95519d8740924b11ecfe9580c3c3f6d4f4197cdf397111d56b80a3385ea539823f0294b05b228edb', 'fe0c4cbdb71171ca', '2019-09-24 16:50:17', '2019-09-24 16:50:17', 1, 0, 0, '5419625011ffcce6bd2f0d272cb56e9304606c57', 1, 0xffd8ffe000104a46494600010101006000600000fffe003c43524541544f523a2067642d6a7065672076312e3020287573696e6720494a47204a50454720763632292c207175616c697479203d2039300a00ffdb0043000201010201010202020202020202030503030303030604040305070607070706070708090b0908080a0807070a0d0a0a0b0c0c0c0c07090e0f0d0c0e0b0c0c0cffdb004301020202030303060303060c0807080c0c0c0c0c0c0c0c0c0c0c0c0c0c0c0c0c0c0c0c0c0c0c0c0c0c0c0c0c0c0c0c0c0c0c0c0c0c0c0c0c0c0c0c0c0c0c0c0c0cffc000110800c1010d03012200021101031101ffc4001f0000010501010101010100000000000000000102030405060708090a0bffc400b5100002010303020403050504040000017d01020300041105122131410613516107227114328191a1082342b1c11552d1f02433627282090a161718191a25262728292a3435363738393a434445464748494a535455565758595a636465666768696a737475767778797a838485868788898a92939495969798999aa2a3a4a5a6a7a8a9aab2b3b4b5b6b7b8b9bac2c3c4c5c6c7c8c9cad2d3d4d5d6d7d8d9dae1e2e3e4e5e6e7e8e9eaf1f2f3f4f5f6f7f8f9faffc4001f0100030101010101010101010000000000000102030405060708090a0bffc400b51100020102040403040705040400010277000102031104052131061241510761711322328108144291a1b1c109233352f0156272d10a162434e125f11718191a262728292a35363738393a434445464748494a535455565758595a636465666768696a737475767778797a82838485868788898a92939495969798999aa2a3a4a5a6a7a8a9aab2b3b4b5b6b7b8b9bac2c3c4c5c6c7c8c9cad2d3d4d5d6d7d8d9dae2e3e4e5e6e7e8e9eaf2f3f4f5f6f7f8f9faffda000c03010002110311003f00fdf01451450021e1852d35fa5213cd003e917fad0ad914bd28010f5141ea297bd22f3f9d002d1450cc110b31da0753d854f324aef60df60a2b8df887f1f7c21f0b2c9e6d6b5eb0b5daa488fcc0d2498ecaa32735f3bffc3d365f1078d1b4ef0ffc33f135e6971ca53fb52f6e21b48675f54058b1cfd0570e2334c2d076a93499e861f2ac5d657a74dfdc7d75457c83e3aff828cf8834b6d96fa1e81a4b282cdf6fbe791947fba807f3af18f897ff000588d534ddd047ac69903449ba46d36c7713ec1e56651f966bc9971560af6a6dc9f923d8a3c1f98cd5f952f567e928e951cb74910cb3051d324e3f9d7e3df8effe0b5de2ad527fb2d8ead2aa84dde66e8e2dc3dca2e7f2ae0755ff0082b1f8a3c4f7312cd73fda8ac370495659901ec7731c7e55cf2e277b42936fcceea7c135ad7ab5228fdc25bb89ff008b8fad48ae18f15f82facffc1487e2b5ebc6ba5248a5a60d8b7b1668d631e8548ae8bc37ff000546f8b7e16b76bcbbb7d62eadd460c51dacb148a7be70c7f9554788ab257952fb9a13e0fd7dda8bee67ee4019f43f8d36bf1a7c17ff0005e7f1be873c8750d0758b5d39136c66fe27591dbd43329c8f4cf6af60f85bff0005da87c4ba5c5797d3436913129234f6be6c6ac3fda42a47e55d51e22a7b4e0eff0079c13e15c527eeb4ff0003f4da82722be51f847ff0549f0bfc461147f68d1ee6623322dade84947fc024c7e86bd5f43fdb23c1bab4e239ee2e34edc33be784f97ff7d8256bb29e79839e9cd67e679d5b25c653de0cf57a2b33c31e30d2fc65a7add6977d6f7b6edd2485c3e7fcfd2b4c1cd7a71a919ae68ea8f3250717cb20a0118ef427dfa33549df54480a09a28a6014514500145039a0f5a004dbf5a5a28a9900039a28a69ff815500eeb519eb520a314075b0d4045399b14629ae71d71f89c607ad2e641af502d9354f5df1158f85f4d96f350ba86d6d6119692470aa2bcb3f680fdb0bc3bf04a196ce1906afe20db98eca061f271f79dba28faf27b03d6bf3cff00682fdbab51f1b2deea1e30f105bdbe976aec52c617db131e7e4400e588e9935f2d9bf1451c2bf6547df9f65fa9f5193f0ae23191f6b5bdc8777bfc8fbe7e21fede7e12f0cc1b745697c4170c4ae21fddc49eeced5f03ff00c1453fe0ad37fa0e9725bc7aa496f263cb1a4e973e1a527a6e90727fe03d6be47d53f69ef187ed29e20ff8477e1fd94b676170fe5cd72aa488918e3733feb815dc37c1af00fecaf07f6a6bc5bc61e3595371b8bd93747037fb08385c1f5e6be4b159b661566962656bfd98eefd4fbacbf87f034bfdde1ceff99f422f837aef8fbe23d8c7e2ef1439f06786e61be23752992fae3bfcaac7273df34df8adfb71d8f821dad74fd51e4da76c123bfef18f7c0ed9eb5e35f133f690d63e2bebb258c335c5d6ad34863b558d72b1291c003a63deba0f84bff04fd69b555f1578eee25beb8914325979a422375e76fa7a5734b0b87a69e231ced6e87b4ea5456a3875ccfabe88e723fda3be207c63f132af87ec6f6512936f2dcdc866543d3393d87b715e8ff0dff624bcf1a5b35e78d3c493ac687e4b7b47dbbc7a13d6b6b5df8d7e15fd9e104332c76f6f1c4ca5220bb971c6d00f727bd70fe06f8e7f11fe3f6bb22f83f4af2f4e998ffa76a0c7c98547190bd09f6ace55f11529b9e122a9c3a37a3615161e9c953c4cdca5d91e93e3af821f0dfe14786e3b887c8b57b3e5e69be79193f8bef71f9578978c3e39f817c47736b0f87ec6e1ad501433eddd18c1c1f9057bb5a7ec39a4f8abc3515c78f3c757fad6a8aaf249630910da2bf65da39ebebc57864dfb3ce8fe1ef16ded9e971e9b7118668648a6baff0050fd8a8561b8d3c0d4c3eb2c54e539796891cb8aad89e5e4c2c543d756cb367f16be1a7853497569359b5be98ec6764d8a8b9e703fba7f3af60f847f1efe1edbb470c5ac5bdd349f777aed0a07407d6b93f0afec55a2f8cb50b36d412e752f30ac3716c6d42c24faab6ef97923deb66f3fe08fcde36d5bccb2f2fc3b67b4b3a2dc179811fed6e19fc01ad6a6332ac5c5c154944c231cd30b252a918c8f7bf097c41f0778e6da459aef4b8fcd6c088c8adbc1f63563c41fb13f807e20689711a58416a6f810d359feed8fa118e01f71d6bf3f7f68cfd89fc6dfb356ad1de68fad5c5fda2860c0ef2c06786c9e846474a97f661ff828a788be0eeb89a07892f27995987cd349d7d949e4fe35bd3c82afb0f6b97d673b74ea734b8860aafb2c6d2e4f33d2ff0068aff826078b3e12c72eb5f0ff00c4d71ae3a9671657b71e4ce14138d8c0f6f43d4579efc03ff828d7c44fd96f58fecff1445ac8b756f2e686f90b281c72188c7d0835f687867f6b5d17e32d95be97630c979a85e1292c042a71d0fcc78c8ef8eb5e41fb547ec5d6fe33bb9afecadf6a4c9b2649c2bed207069e07306e5f54cd2097676b32b1597a9c7eb597c9befd99f6efeca1fb6bf847f683f0bc37fe13d65ec35685034b0a4a1668db1cf0080c33f5af78f04fed89e24f08ea11c7ae2d9ebda42c811ee611b2ea11fed0e8d8f6e6bf9c5d76e7c61fb1ff00c5fd3ee6caf1adeeac6612dacf1c8d1a8507e64c2919c8c7d79afd20fd977f6ffd2fe3c797b2fa28fc42b00696191822dd315e83dc9ae8cca9e6195db118293953ede479983a382cc64e8e29284cfda4f87df13b44f8a5a12ea1a15fc37b6e4618a1f9a26f461d54f6c1e95bc2bf247c11f1abc49f0e3c51a6f89b42babad0757de63beb6470d6b20070c9221e1b39e30335f75fc1bff8288f833c776d6f6faf5d47e1cd4a474b706efe5b6b99081ca3fb9ec79afa2c8b8af0f8e82e77cb2ec7ce679c238ac04b9a09ca1dcfa094ff003a5a8e09a3ba89648595d1bee90c086fcaa41c0afaa8ca2f54cf92717b0668a28aa107dda339a3a51400514514000e941e941e94dc91400ddd46ea76ef6ae4fe31fc60d27e09f822eb5cd625f2edad87ca831be663d1547524d6556b42941d4aaed1469469cead454a9abc9ec6d78a7c61a7f82b4a92fb52bb86cede319df2b051c0e71eb5f1d7ed47fb765c78a6d26d3fc2b78749d1517171a9b9d8f28c64edf45f7af26f8e1fb50ea5f1c7c4371a96b131b5f0fda9dd6ba497d89181d379ce4bf724f03a0e2bf3c3fe0a11fb77c3af21d0743d4123d26d47efdad97e595ba6cc8eab9fcebf38c667d8ccdab3c2e5fa47acbc8fd2b2fe1dc2e594562f31d67ba88ffdb8bfe0a2777e198e5d17c1b74d35c5e3b45717cef996627827279e4f35e53fb29feccfe36fda564fed2f136a17c9a3a48af24b3b1653df6afa93591fb29fc10ff85d1f112d350d6374ccd2abaa6c07cb4ebb73dcb75c9e9d2bf45cda59f807e1ec5e5c9169fa3e9e8523dc00f3481f311f43c66b8738c751ca292c1e0a3cd59eedf73dacb7075f34a9f5baef969ad92d8c1d475bf087ec85f0f23b4d26ca38e41160b1c2beec71f8e6be21f8dbf1ab50f8b9f1066b782e2e2ea6b85c7ddcaa1278507da9ff00b53fc739fe2078c23b78663346f2948208e40abb4719f5ff001af52fd893e01697a459b6b9af48b25d4e84db2dc1c796719de14f535a607031c150faf62fdea8f5f99d988c67b4a9f51c0e91eaceb3f65efd9cecbe175843ad6a334771ad989659524fe05c64727f97a62ab7c73fdb0af341d6e4d0fc29bb509af0f90582eef29cf01463bfad70bfb5c7ed11ab6976127877c3b2c9717d7019a79c288da4ed8c0e8b8e315d97fc13c7f6646b6f0cd9f8c3c5514926a370de75a44e706304677b9ebbb1c815c98aa3154ffb471badf68951c5724bea186f9b20f853fb04eb9e35bb8fc51f10af248ede4569dad164cc8d8e81cb7ddaea3e2afed43a0fc1ff00875f61d0edac743d2e00613248072474daa397271f4ac8ff008280feda51e9de10d3749f0b4b1dd43aa4be5cef04bb77a206c804f4008fad7c57e0bf873e28fdb07e248b3b5fb62e9566dfe9574d930daa81f7573d4d77e07072c551fade3da8d35b2e963cac7e631c357fab61573557d4ebbc5bfb74f89be25789fec3a3ff006b5c349265230bb0b01c642af23a0ce7d6b0f50bef89525ec3716fa3dd6a176ce1944311f33713e9d78f7e6beb6f07fecbbe1cfd9c3c0b6725859ab35f42f2dcdd85c4d75b00c2163caf4ce0706b67e147ed57e114d1b58bf96d21b1b1d2408925316d7b9c8e80fb77c514f8920d3581a0b9569ea653e1ba935ed3195dddeaf5d11e3361fb4e7c4ef82da5e8e7c482e2c7ed12858a2946f54656e8c3f0ef5f51fc06ff008297db78aae21b0f11696b6f731f2f3c2bf2383f77703d09f6af953e3ffed1e3e356a09656fa4c2ba5dacbba362ff2b1ec72460a8e78f6ebdd7cdb50f190b0b5826bad6196fa300794a802281f74139cf1d2be8239052c7e0fda62a9284ded63e56b67cf058d51c35475231ee7ea778a3c47a378f3c0379ad796ad0db872f04eca195579393e87d3bd7e7dfedf9fb365a78b34a5f1af8774f36b1c403ca221c1cfccac31c83eb5f447ec1f2dbfc57f865796dab3dbdecb7b68cb708d332a4857239fc3a7a9155a79ac746f899aa782efe6b86b7beb2db135c82f144464704fb67f2afcfb29ad8acb71bec693764f55e47e9198e170d8fc0f34b56d5fd1b47c6dfb297c54bcb7f15584b78c6392cdc6f9a3902704f5c0e78afd0bf0beaede2fb2d4af2e758693ed31711b1c6481c107fad7e78685f0e7fe106f883aa4d1a8fb1db6a8f6d03c7f2ac833df9e7923dabef0f0978ad64b0b2b3697c9ba8ed90c91c6300e147ca31d188eb5f4bc751552953af1566ff23c1e0594a32a9877b44f973f6dbf045bf8bed3ecf7096ff6d5564478dbe68dc676be7dc1e6be43f82be39bdf85ff0012edd96e2466b49fa82559594e2bebff00daef575b7f146fb3d2e658589ded704b3963f7b27d475fad7c83e2ad31ee66b8d6eced20865b7b902e3abee07f8883d0fbd7d764b6a996c615354d599f2bc453747346e9e96d4fdaefd9c6ee0f8d3f0ef4bd4155bed12c40e1be6175951fc8f7ae5be335f37c2ef172d8eb1a7cade199b80a4ee540dfc43fda0dc8f4af2aff00824ffc63d52e3e1bd9dd497124696bbf6c09271b13682307be718f626be8efda635bb7f88be188ee2d6cfed4d29c2a3e3728eed9fd6bf22c6606965b98ca9746fee3f52c0e2a78ec2c26f668e87f678ff82a9dafecd5e23d37c2bae6b375ab68b768ad613cff0031111c7ca589e1946067dabf487e0f7c72d03e37786a2d4b45bd86e1245cb0470db73c8c57f3c5f1dbc0d0f87ed6eae2e6ca666b3ba866b47697e4111dd988e3904900fb038af77ff8267fedd2ff000d7e27c7a169baa3c5a74aab2db24c490921fbd173dbb57e8f81c655c361d54a6dca1d7d0fcf736ca68e23112a76509f4f33f760f5e98f6f4a2b90f833f15ecfe2d78462beb7658ee2318b8833f344e3fa575f5f5d87c4d3af05569bd19f055a8ce8c9d39ee98019a0f140345741934d6e1451450014d7349e61f4a5c93fc3fa50c3a98fe3cf17db7807c1ba96b579e635ae996ef73204fbc55172547b9e82bf327e367c7ff127c7bf88f36adac34969a5a7cb65a6ab6e4b44f523a3499eb9e95f4d7fc148fe395de9b269be07d32e3eced7a86f752900ce221c2c7ff0239623b85f7af893e3478921f867e076beba917cc681a6970c177305c2a8f5f7afc878e334ad88c5472ec3bd1ef63f5de05c9e950c3cb1f895bedfe67ce7fb61fc639a6b2b8d2ecae1a17f2cc97015b3204c72a47f5f4af84a5d52dfc7377235e5ae60b6b8d9f688dcfce71c03ea03649aefbf68cf8d57571e1fd53546693fb43567312b0f976827b115c7fecfde17b8d7e6d2b48872b249fbd7fba72cd8c9e7db8fa57d964395c72ec1ab2b3b5cf1b3fcc9e3f1d1a2b54b43ed6fd85be18a7fc21f14967337dbb56658e3931ca16e07e03bd76dfb747c56b1f08fc325b5b57597cb0f6d1ef6e4aafcacdf8919fc6babf82fe1bb1f857e0b1a807873a4d8b29c302c666e07dde87906be1afdb7be257fc275f172d7c3f692916719fb3c99fba39e4d7e7581c3cb31ce278896d17f91f795ab470597f2434d125eacb9fb147c319bc65e37935ad52cbed36f7cb24766264dca082b8ebe873835f517c53f0a7fc210d05c58c934d25aa7906318754047381dab3ff655896decbc2ba05bc10c86c23846f886d055c16e71dc62bd13f6c7d06cfe187c28d4b5095f6ce558c72b63ef360019ea71cd7763f1ceb63234dfc37b58cf0b46384c2b9fdab5cf917e1ef83ad7e3a7ed3d0596a1e7476ba7c9f69b9dc857cc810ef55ff81118c1afbc6e6f62d03c3d6f1adb490c322ae562c298a33ce08ea7d38af81bfe09a1ac37897e3ddd47a86d965d4a526232ca5b72a8600003f87be3dabef1f8b73dd786bc0515ac56f1b4cc48966ce4aa977c63bf3c5737177b4862e9e1becd9339786eb46b41d57f1367e7dfed8de14bcf187c53b5fec88574b824b85b6b58dc8894a3b1dc71f89e9e95f71fec3ffb30d9fc17f835696d7d0c11dbe7cd9a4846e92e24639e6be20f8cecf1fc499a48edde19b4b9239d08901685a36e460edf95b04f7ebdebf42ff651f8d167f10be18e9d0dd5e58daea0c892ed9645dcdc7391e99aeee2675d65f429d2f86dafdc79994c28cb1b88ab2f8eff0081c9fc6eb88fc796fad58dbd9fd9d96536b66197cbdbb57683ff007d71c76c57cc5fb56fecf1ae5e7c0cd1b50d12cfc993ce6796de38f68651c1c8ee31cd7d63fb45df5c47a41102d9aada5d2c81a2199a4f52b8f722b9ff0087ff0011adbc57e65bea0d6969226e31cdbcc72a13d55d3d3b71d6be4f2fcde7844a714aeba743ed71196471985f657b27f79f959656be2db9592ce3d2f529bcb1e5ed87eefbe7a9e4f6ae9bc29f027c49aeea704dac4cd6bf30c5ab36e99bd063a8cfbf15fa03f167e1269d214bb875d8e48dd899962431e0fae003cfbe4571de16b2f07fc36d79351916f35ab992e30cfb3e52dfed92db88fa715f632f10b11529da941267cd613c37c2427cf39b92ec67fec07a0f8b3e177c5bd46faeb75b7832df482b24b3805164df80149fe255cf4f5ad9f8dbe09b3f10eafae78eb4df103c76f1583c8c666f9642b9daa99ea589cf1eb5daf8ff00e2049e3cf0f4d24d25a68fe1eb12a6da38b30dbee38c6573f37230739ce057cc1fb41fc50b6f8a5e20b1d3748999341d1ce0a88cfef65ce031ed81efd2b8b268e231f8bfac4f4eefa58e9ce654701857469eb2d124b7387fd9b7c39278cbe29d9c97572aaa9706e272e4f0179c0cf073c0c75e2bedef0a18fc33669abcfe5f9ba846ceb23ae1c330e07e18c5790fc03f82da6da680d2c324d26a5711877b89422c71c3824aa9cf07e51c9ea0f61cd61fed39fb453fc21f09be9a9796f7934333456a91440fd9900c02cc724b7f526bbb3e93ccf150c3617e18e872e418779560e788c5e8e5a9c7fed81e39d9736f0dc4d0cd78b233ca73c1ddea2be61b1bf423c4334a617592d3622ab73b89e3f2ab3e26f165d7c43d58cb35c5c4d7ba8314895dceedcdd081d38aa67e19df78635cb6b7bc82e1aeb567e36e30e14f240f63eb5f7f81a34e8518e153d51f9ee715258bc43c45ac99f7affc12bacaf21f86373772448aab14eeb19f5c2918f4ce3f5afaf2cf4e9350f8667502b0b431dbfcc11b73c0fe871f957ce7fb0df85750d07e0cc91c861f2ef0345032c789189d830a3be31dfa735ee9e2e6bad0be1e368ba6cd25a7f68008ce07dd23a96afc7789e4b119949bee7eb190d2951c05381f2afed49a8c7accda4dabadcc179a9a8892639104bf311b2407f882e306be79f09eb32fc33f8882ec4d25adf59dd2cc885b223038e31ea457ba7ed65e2fd3efe1d0fc3316a9757dad68e1f3704854b7907cdb8b77cf4c57ccbf15352b3d0efb4ad56d558cecff0067bb7763233968c3657a0ea738cd7e8591fb98354e6b7d3ef3e333c94678df689eabafa1fb8dfb0f7ed6932785f4cf11d93452add40ab7d6cadc49b71bb8e9b876f6afd06f04f8ef4ff881a1457da6ceb3472019c1c98cfa115f837ff04aef8cd36ade1cd474a2b793431b09e15950296f970d91d00afd1ffd863e340f0df8fe4b1b8bcdb63a9c9f67556270b21e4673e9d2bc8cb7359e55983c04be06f4f98b3ac969e3f05fda14be24b5f33edfa2856dc01f5e4519c1afd3d493d8fcbf95adc28a339a29811d477d7f1e9d6325c4d22c30c285ddd8e0228ce49fcaa43c0af15ff8280f8fe4f007ecb7e23b88666826bc45b1474fbc0c840e2b9719885428caabd92674e0f0eebd78528eeda47c3bf183e242fc68f8b1e28d616f96e23babd686160fc243192b81f82d7c7fff00051df1a69f77e01b18238ee15d6768ede5562159546493eb5f59783bc2767a368f6ca96e96cb1b8053a7981803938ff78e6be29ff828d586a5a67867435bc30fd96e2e270238f1b621bce3e6ea0eddbc7d6bf05c86b7d73395565d5b3f7bc746186cb7d8c368ab7ccf83fe256a171e2386cecc191b73ef8102f0003c935ed5fb28785db5df8896ad2e2353b046226dacdd33c8af3781f477f889650df5c5c431dbdbc92068d77066c602b7b57d0dff0004ccf07db5dfc4386e2f4c821f982124333b03d47a67d6bf65ceab3a7829bf23f2fc869f3e3a339773ea0f1b430f877e17ea9641658526be488b0259b1b49ce7f01f957e6f7c67bcfb7fc76dba72bdc4826e108dcd313c71f8d7eb87ed35e0db1d4bc03776b62b25accb10b8907dee8ac32c7d6bf2c3e25d8695e02f8950eb21677d4b49944b122ca3c973bc960db94f515f9e705568b94e4b57a9f7dc4a9cb0aafa2b9f4f7ec95f11ff00e1198a5fb4c13dbeaec56186dc9398f682370f4e87fefaae9ff69cf88edf15fe166b1e1fd4b73dd5ba2bc0ce0fcce4e0e3fe043f5ae4bf64ed7edfc79e27d4bc4379143158cb22c96b1412233212c320b003d87ad7b97c4cf84167e3df0ab5e4312e9b716a58a4817e65553f2ee1dc1ebcf35c39c4953c7466d6ab53d5c1a855c1f2b3e2aff827a6af65f0f7f6b1d1edb5269376e6b7c798142484fca71e84718ff68d7dc7f1e3e28358df6977f636171a869713817b6e8df3aa127238efdf06be10f8e7f0fee341f1bdaea1a64b70acb2ecb89adcaa46e7765588fe17f4c7502bd5fc15fb4043f0b7c5567a1c70cfabd8ea8122680ccf23dcccdd64ce080dc703a60d7adc4b85963634b194b5d15cf9ce1fe5c1d5a942ae8eedaf435be357c22d1fc6f36a3ae785f533f65d476473587cbf684940c93ea400dce3af4af39bcf86de24f867a82dc7876f2f6c6ebc9c4b0938c7ae777504fa57d1fe1df87d6de0abf1ac43672c11dd3ec48a352e22466cf23f8b1c0e3a639ae9eeb41b2b8334d74bf6d13058e3568c37904f27a75cd787478abeac9d1abaaeccf72b70dd2c44bdb53d1f74fa9f3627ed13e34d22c6c62d4b499ae21b68c6648cb1f33a705ce3a7d79abbac7c79b413f98bfda36b7d32026336ead1a9eea0e7f5ef5f466b7aef8674db26d3e2f0fc0770e558185460af3bba9e878f7af2ef14e81e1ff117886e1ce92f35f1c889ceec96273c6dfbc3dcd71ff6864f5a5cf2a56f43d0a182cca8c796357ef478c6a9e39d6bc55acc370d1de7d991d54221da0639231efed5e8fe1e97c6cd63b747f0b4296ec331cf751b6ecfd0fb56de86354d2f545d38e9621b05cb3ffa382e58838624f23dabd675ab4bbf0f78703ea51dd3c2877c6d23792d21ee460e38fce8c566d84a568e1a8733f33a1e0713356c457d3c8f9fb57f853ad6b3aa5ac5e23b8d4f50662a0dac6e120504f1c7b7a55e3e05f09e9b0dcbea56eb6b1c6afc228036819c3377a8fe347ed47e15f0248b3c2cb79ab42b8b68636223047a803a8af95be3a7ed63e20f1de9d1ef85b4ab366cec80eef301ee6be932ba39963b9572fb38765a1f3b8ead976054aa37cf25f79ecfe2afdac34dd16dae34ff0008d8cd243a6c1e5798cc7ef1246e6f5e09af95fc7ff15b52f1378922fb6246f3966501536824f3cfe152f84ef7c45f10b45bc934ab85b1b795d63bb99dd542152707d5b209c8f5ad3f861f0e609bc6cb25fde2c8d6ea4192ea3f9649ba1e3bfa8071d7bd7dc65f80a3834f9773e1735cd2b63d46377ca7a3782fe1f69ff0f6c347d63c4d358dbead0e66b58d9f8f2c8e491ea0648f722b6be04fc2bd43f683f89cdac6e69ace360902b1e123ce78cfad55d2be10de7c59f1b46da8793ac3431bec5f24236ce0051c7d3a57d7dfb2b7ecf579f0ccab5d598b6b554c894fdd873d877fc7bd7879b63960684ea295ea3d8f632bca678dad0f6b1b423f89ed5e09f04dd787fc116b0d9aa5acf6289e5c79dd97ce083ef8dd5c47ed9ff1af4df83de0db58e492e2e356bbc8748e4c3213dcd7a3f8fbc67a2fc34f094925d6a0de694f362897a48fc61d8e73fc4d8c76afcedf8ddf106f3e28f8b350b8d4a779a6decb68db4b2c6a09c67ea3f2af81e1fc1cb178afac622f6ddf99f75984fd8d071a2f55a2393f1ecd7fe26d22eb5cb875fb04f70ebb5a41e6239f9b3ef9c1fce9fa9e9da6b7c16d16ce1bd864babdbdfb5b293f344546cda7bf6fa5549ad0ea9e1692c6f237867b56f3a3e3729cfcbb8e7b75e2b27c27e0393c49f132cedd4b35bc6d1d92cb6ea406f5603be49cfb57ea50941a517b475f91f9de328ca352ed7c5a1f7a7fc1353c13fd91a2de5f4d0c8cb7d853fc3b513a9e3f4f7afaebc4d05ae99a6cd7b67711c0f2b178d94fcd1bae31fa8af24f825e1383e0afc33b52b24b1fda208e158b18dea396231dfd735d44dafb5d5bb4d02c72dac63044df306e72481f43d6bf21cd332757193c4754f43f42c0603970d1a5d2d67e773f46ff00646f8cdff0bbfe09699ab492092f20dd697641eb2c7f2e7f1183f8d7a76735f1dffc12bfc46f08f1868fe60fb1c9729796716785ea8f8eff00c29f9d7d81923d6bf71e1dc6bc56029d57bdb53f0bcff03f54c754a2b64f4f424cd14c0714f0d5ed9e391bb715f32ffc1537c1ba9f8cff00678b55d3649956c757b79ee7cb192d102770fc315f4b48d5e1bff0509d6ae346fd9875e96cedfed57184554dc470580278af1f3e8f3602aaf267ad91c9c71f49afe647e7dc9f13bed371a7dbd9c6a8cd1b174988ca6cec47e5f9d7c6bff0519967d56786d6495a48edcef0a3ee29c633f88af7cf84f05b8f887713ddb48d77b09f258e5210580f97b9ce45788fedd9a16a1278a2f917ce92cee163fdd49183823ae0922bf11e178d3a199c13763f7cce28f3e16708add1f056ac9707c461b6b2dc792df2b1fbcb8e39ee457d6bff0004f7f87dac783a7b4f175e5bdf368b29f26d8ff0ab1382483e86be7f87c091def89f4b92466841be8a353c908ad28dd900f523dcf5afac3c51f1b751f0c5b69ba2e8f626df4fb66689d18fc854b2f20f5e1831c1f5afd4b89b1cdd28e1a0afceb73f31e13caef889559bb38bd8fbafc59a0b6bbf0fa6bc90a48b7d6622b8d9f789c103f9f22bf247f6d6f8477ba07c48b4b942117542e8187dd9481c67b6457eadfc1cf10d9fc56f827610dac936d48c9942c9e5c9d01ea39ebc63be2be41fdbb7e00ea4fe1fbc4b46fb52d9ce2eb4f090ed611f565dc7bf079afcfb873113c0e33d9cb4be87da66587862b0d3837aee8f9f7f61af1f8d3fc716d677b1dc3595d7ee24963902c71b8390c7ba81f2e7e86bf47be1a259f8abc0f7da3de5f2b5c5e66eedcab6e4723aa0c73cf1c7b9afc7ef0dfc47baf873e3796e1614b382e5248de1663ce7e5393d987f4f7afbeff64afdab23f891a7697f67364bab5bab473c6cc04847aa01dbf5c57d0f1660e6d2c4455d791c3c2f8a8383c34e5ef27b1c3fed83f036ff0044d7cfd9cde0d3f57854c51b0256170df3237bf0719e99af09f0178aafbe0cf8da2babcb1bebad3f4e9777973a6648c6700066ce76fa8afd5cb1d2bc35f12fc3ef2eb3f659b855518da5188ec3fc6bcebc7ffb19dbf8ba0861b186dc5aee24c6c4ee1dc107b7d0578397715d2a70fabd5d62f4f43bb34c95d76ab45f2cd7dccf22b0fdaa25f8c3e1869bc396b35baed1e5b493a80c4152484c670493f5af40f0b7c42d02cfc32b36bd1d95a5ec2bbe52ff002a96f5c13dfe95e13e28fd83f5df87be26d62e21b6d5add64566b696c2f9918484ef1b829002f1d1b3d6bc6f5ffd913c51ab9b9bad4b56f145b4926d95a29e413ed18eb8ca9e7d39c5632c8b2fc44b9a359453d7bb348e658da715074aefc8fb2bc6ff0018be1ae93a5c57973ac5ba89c1da16552a39fd2b814fdb5fc11a6eb135bc50dab4718263b88e439240efc639af8ef56fd8f35cd4b4eb958b59d45a4850b476f732f909237fb38ced3fef75aeab4eff00827278875ff0ec71c6d34979322bb192e42ba9c0f55cf1ef5ea6178632aa6af2ae99c35f3bc7fc3f577f79dd78b7fe0a3e349d6eeae2052f0b652da348950646719ddcf1ea3ad787fc55fdbd3c6df119a479358925431b46208db017279e2baa83fe0985e215b8f2eea3b8925dfc996e776781d081ce3d303af5e2bda3e017fc12bfed77f76dac5bfd96dedd82a4cb6eb9ba1d7386c8007ad7d043fb07051f68e4a4d1e2d4a99ce2e5cb187223e1cb2bdd43c47731dbd9dacc6f9b03cd90160d9ea4e6bd17c37fb2ddc78874f54bcd4af2fb5252775b2418400f4c7f781afd2ff047fc13a3c15e1ab2fb45ad8dbcd2326375e1ce3dc609e7f015dbf843e0bf847e12db48196c5a4dc5d2389153603f415e6e2fc40c243dda2bd0e8c2f0757a8ef5a4ddf73e08f811fb266a9a330d3df4f915638ccf1c8f6e5b69feee0e7ae1bf3af79f879fb0edc5ebdbde6b821b195d9fe7cee92427bfb1c719afa234dd5fc3fe1abd9aeb4b8995ae9708241bcc5ebb3818fa66b27c7ff152d2cb4c326750f3369cee010363b96c9082be4711c658ac4be5c3ad59f5584e1bc2d04a33bbb1c9e93f01f45f871ae59dddbb69b1416c49373212d296ed85e9c8efdab1be297ed5ba0fc2b7d4e0d3d6e354d4af5fc90af71b910e40dbec3dabc3be30fed3779aabdf59dbdf59e9aa8e55e4827dfc0e325863258648c579fe8ba9d80b5ba984770269584d1c970824c1ebb8e0fca3f0fc6b5c3e06acdfb7c6bbbedb9ebca10a6bd9d2d11a5e3c9bc5ff0016fc68b717723d8d8dafccb894f9601c10a31d4f0c3f1a8d751d3f40b3874b921f2e558cc92deb630a4f0327af5a583c7baf6b58b1f0fda417170a4c8248b74898ddc9273c7a8da78cf39abda77c39f137c41d4ecd66d21646287cc80b808429c0e139e3ae0f15f454e52ba86918a3caa9cb14d43de679778c3c2de22d62fdb5eb5b88e4d0a306d03c4c57ceee5b9ebebe95f497ec33f07c78d350d375b9edda1d374c918c05942b4f26d049c8e833cd7a37c1cfd8e1068b6575af2eefb18fdcdb16f91bd88fba7d318af72f0d59e8bf0ff4c934f874db7d3e153bdc5bc623524f5c0e82b2ce3882953c3bc3d17793ea79f81c9ea54afedeaedd876a1e26d26f3514d3d66336a1005dea136ac48dd876c71dbad60c1a9cfa58bcf2a42d1a43e4c5c70d9ebfa558f13f882d7c43a93186d238fca882db471c7b84b8c2ae4f4dd8e40e9c9ae7756d696f6de436b22fda2d90974556f2e3c72c49ef5f9dd38b9697dcfb2f829ad363e91ff8265ebd3e97fb47dadba96912fed278a6da785508b2027fe04a057e8f236e5f4f6f4afcf1ff0082615adb4ff1a239e1549bcbd366612c7d189641cfa77c7d6bf426097f2afdd38263c981e5f33f05e369a9e63cde5a935146734ad5f647c79048d8af2ffda9ecc6a7f05b5f8b6ef65b66751f4e7f4af4c94f06b99f1d6929ae6897566eaa63b989e239191c8ae1c7d3f694250ee99d583a9ecebc67d9a3f1f746f07c7a37c5dbcd6142eeb8654518f99067240f6cff002ae57f6c2f8ada7dbeb16b656fa1fdb26b5625cec2cd337b00318fad7b97c79f003fc37f15dd410c727db22b86425bb0dc3691eb91cfe35c4f822d6e355d7f5083518ada2bcb84ff004599806da3ae3eadd2bf9bb1152585c7bf68b63fa530f38e2b091ab1ec7e76fc58f0d6a5e20d5e5bc3a39f0fc7778b8b45dbe5f992024e78c7048e7f0ad4bef895bfe1cd9ea1622da4bb8d4db6a11cc0ac962e78c81dc139c1afa8ff006eaf823ab69de075b8b586374b28c4b6f285fde5ab7f1a6e1d54f3d6be00f186a57b7763a8cd671c726a1720a4f1347e67da31ca9e38dc3d7d6bf5bca2ad2cd30b0925ef40fce7355532dc44a74f691f70ff00c1373e3bc91eab75e1bd5266fb56ae19ad15a5da06090147a10c723db15f4ef8cf42b7f8a367f6291a4b5bc89b991f003af4c8fe55f907fb3f7c79baf0778ff499a792e23bcd327591ad53e5791970a08efdbd7938078afd5df843f1fbc2bfb41f82a1bcb6923b6d4edc6c906769763c9183c8e6be638c329ab86c42c453dac7a9c3f9847134fbbebe47cb9fb557fc1396cb5e92eb58d299ac7508ddb8d83cb9ce476af8f6d341f19fecdde2f8afe15b889ade56513282369cf27d0d7ec36a3a9c72d8982f2182f239015452ff00321f73ebef5e2bf11ff673b1d7649bcbb3b50d7077f9329dc92678fceb9b25e347c9f57c5ae68fe47762f8729d497b7a0f96678ffecd9fb6f3fc46b58b4fd52e05a5d2e274991b6c531518c3af623393ee2be92f871fb53e9be29b28a07d5edeea6b49366f84f991b30e3a7506be4bf88dfb2ae91e1df17c06d546897d7249b73632862e7a95d8473d0fb564fc3df0178d3c19e3f823d2ece1bd9598ccf0467ecb348bdb39f90fe35c99865384c4f355c2c925bae87ab87af5a9c142bc5bf33f46342f1bc5769336a0cbb666c2c8212362f61ce2ac6b1e1fb3f1458bc70dc4cab20213e51b4fd4d7ca7a1fc69f177c325bc6f127857c44adb4b2aa5a8b98d86781bd38a9b46ff828235a4125f5c68f24105b9c4b6bb1e392319e182903767d8d7cc4b2bc5ed14ede5a9dd1a94dbbc1ebe67b7c1f046ced8dd7f685899a3c92938058ae3eb59b0df5af8635695a35b892164c08fc9539fa1af37f14ff00c147f4bf171b7b6dcb0e9f7036cc6452af6fff00010dcf200e49ebd2b1f45fda77c269a834ad71aa131c9b5521c3238f50b818fc89adbfb271b18f2eabe42a78ca4ddea34fd0f73f0dfc43b5d4adb63e8ef6eb093b1a6401b1c83df9eb5d168de36b3bbf96c50c89b30f18555007e1dbdabe47f8a9fb5a47e2a95749d1edeeac7cc25a4b8188e48a3c0e3e70a327d41ae367f1778abc2b6df68d26fb56dd783005a5c89194e3d14b039efc815b438771352179b68ce798514b9b63ee4d4fc5ff006a8e66f3da158d39541d57fcfa579778b7c6f67689be1b75ba321c82d27ca83b120ff2af9b236f8d1e28f0bdbde799a8490b32fee56d77f3d73b8eece4f1f740354fc43f027e2f78fb58b7b586eefa10f1ef923b8884438fe2f97820fa575c78463752ad5a36f539e39f35a538367aafc5ff00db66dbe13690226f2ef3546564863b50a5c020e0fd06de7d0d7cb9e35fda1bc65f1491ae156e174dd41406b4f9a3f9475f98f735ed7a5ffc13cfc41e228edee35cd5ade6999834b108114c4a8490140038393c679af68f87ff00b207873c11a4c31ea96737882f2326489a5936a3fa7c831823d771af6e8d4c932ea568be69791c9cd9ae2aa36fdd8f43e28d234ebcbdb1b6b5b3d32d6de49250ac92ca1c6f232085c13d3f5af47f01fecade20f1e2a5dea9f6cd971c243828100e84fb1f7afb67c21f0bf47f0f4acf67a1693a39947cd3a408b337d5c0dc7f3adcb91a56976a160922b99b009014e0e3dfbd7154e2ea6bddc3d34bd4ef8e4b36ef5a6df91f3dfc1bfd952decae63b799af2dd990890c04aab1fee93ee2bdb6c7c31a3fc28b5f26cec95830d8dc0e0f6c9156fc51e35d8d1a3476f69e61f97ecb18ddc2fb77f7ac1b6f137f6fdb48b131b79212ca4cadbda47ed906be7f1d9ccebcef267af4302a11b4568696a3f14e7bdb3fb534634fb48c9884bf77791c1551dfebd2b0749f1747e33d5a386d63bab78f27ccb894fdef624763e958be225b6b2b7fb76ad752c9f656cac85d55476daa07f2eb51f86358d42f6db7d8b5b5bc52485d41072fedb7fc6b8a7ed2a46e9e877538c12b23b2dd1c7b6d245648a13e6fda80db1438f98aafae48e9ef58da6d9c1abbc967e5c8d25d29f31cb6d2ebfe7ad759a1f87a3d634dfb3eb5a8c21922692355b858f636070548c1cfa0e693c57e0ab7d1a6d2e4d3a459a4ba886c28850966c0dbcd76e51454ea725f53cccc2b7b385e47d61ff04b2f03ae8da6f88750c3792af1e9d0923a8500be0fe2a3ea0d7d9d048644563d4f26bc4ff640f00ffc2b4f83ba3e98e9b6e96213dc1cfde958ee6fae338fa57b5599c455fd0992e17d861210eb6d4fe71cf315f58c5caa2daf62ec2d9a9777b54109c354b5edc4f1cad2fdd6ac6d6919a26e3deb6e55c8aced461dcadef59d4561c77b1f1cfedd7f05a3d7d6dfc416c192fad658c31518ce18727db6f15f24ea1a7c96d716221ff8fd0dbf2a725d3711dba6d35fa69f163c1d1f89b41bcb399731dc46509c74c8c823f1afcd7f8cbf0c2eb4af12ea9a7bb5c5aeb16a8d6d1caae43184b6e5651d3b9e473c57e39c7592a753db25b9faff0002e6ee54bd84e4686b5f67d4fc27e5eab342d6b37eeae1baedcfca463b63d6be04fdbcff0066d93e11f899756d2adb6e9770413e4ae7a8eb91dabeddf07f8b97c25a6dad8ddc2d710b218ae5a6e8dc63e61efdbd6b37e377c3d87e2cf8066b178fed3a4c80b496e640b340dd8a9db5f19c359ccf2bc5ae793e5ea8fb7ce329863f0ee935bec7e40f8bfc2726afa92de5885b7b8c6e8e6404b4981c8c77fc6ba9f817fb45ea9e06d645adbcc6de58dbf78b2aec2d81c939e073dc57d37abfec7fa78d2ee16c6dee2deea326382ebcdcae4f18dbebeb8c63b57cedfb43fece5aa7c26d52d757bdd3ecd6d672416955caca3b60eecafd1b9f5afd9b07c4f95e6cbd837abe8cfcc315c3b98e512f6f1dbad8faefe0e7edfba4eb96ff0063d6116392dd76650eede7d41feb5edfe13f8e9e17f88d2470d9ea660b881785ed9ed5f917a478c6ced6ea3916e849e6125cabee0a5bb02a38c7a1cd7a67c29f8d379f0de5de931ba4700825b2c00e82be7f37f0ff000f38caa504d48f6b2be2a726a35b63f4c750d266fed8b7b99b4ab2d4646c852577294f5fad0ba96906f24b7b5b4fec8bc9002f1b285009eb82c33d7d2be75d27f6acd4b5df06693a9699afd9585d5e3ec934ebe510a7ca0e4abeec007079385ce3a9af48f087ed3b63ae3c736a76f1991b08de5dda4819bb63b903be6bf39a99063a9277bbb763ee238aa334a5196fb1e95aff008725834e91a6d72e2dda7708aa1772afb0f63ebdebcdfc77f0b355d5ed26b78f5bb78d644283f74996fc719ae9f4ff008e1e16d42f66b5d5a5b9d3c48c0453161e590471cfb52ea5a0c7a942b358eb9a7de5b31ca3ef0074ce060f5ae1a75b1b41de9dd35ea6dcb26ad52d6e9b1f35e9ff00b36f883c1be239645b9b1b8b7e9e6cefc4849c918f5f7af52d07c5da3697a75ad8f88b4db4d3a5562c637837432303c6d71d8f5ad2bbf05c9aecf22cd74b9ce389908503bf278c573fe321a5f872cd9352d4b4f98c5c2c7bb7b9e392a178e2bda9e6b8fc4c12a89fc8c30f4b0d4decae7a8c1a278275378750b7f0ae917d7538c4935b49e5e063a904e17f0ae97e1d2783744d41ae2d743b086f2d721596e0ba303ea3763f035f3a7c3bf174f7daef936b665ada443f23831efc74f9073f8f4af47ff845d6eedfed8d6a6ce6707cc2b33641fa678af07175b114a6e0e6fd0f52387c34a3aa3de5be225acb662d124b1b28ce02a42ab1c6a074c6de2b03c43e3187c3aed21923999b203a9fba3dbfc6be6dd4350d5b46d6826eb192d8cb91ba56dfb33dc67afbd755aafc6cd2741b157fb5e976174df34e3e576c74c10e4e07d31514f0f8876924db7ea3a94e9d1d22d5be476d7df16ae2cf505ba8638da15180d249b8feb4db2f8eb7f7dac47e5c36f18e14effbc47d057cd9f12fe3fe93a7dc49f6a9a6ba5b873e48850a4447639f6c9e475c66a9e93f1cbfb07ecf7cba7c2f6770cb1fda222a1c92792ddce3d4906bd39f0e62ea53f68d35eba0a9e65855eeab49f96a7d763c6d36bd76ad6b6f70f32a91e6bfcaaa71cd579239aef53ff49999b60c88a2e3cecf71fe15f3efc2df8d7e24f1a78b2eac6dae6c6dece224c6ff0079db279eadb6be89f0c69563a7ea76b79a8c8b34d6ab953bbcb8c3776c018fcabc9c7655570ed2ab237a78a537fbb474be1af05c7adf96de67d9e460485621645e8bdfdc7eb5a127c35d1fc39b99847f6a93218caeacdbbb103d7debcd7e33fc4aff00848eee1b4f0fde42b70aad1cb3c769e7c8a0e31b41207519c93c75c0aade16d32692da46692e5a69306598b9695fd4ee3f28cfa051f5ae5a778ab2572a5474e7a92b7914fe29f87d758d7e38ee2648ecd5805b68cee6907539c74a7e91a76a22d6397e5d36cdb2232012cabe95d268ba55ac5379d16d411311873b99c74c67b93f956add7c2ad4bc4332b491491da85cc714a36b31f5ae8946ad45cb72238e853d11e1ff001875ab1b3d2633a64f79717c2505e597e50b5e9bfb0dfed0f6fe21f883a5699e2c984d1e96e8b14e54b1da4fca4e7ae0f53e954f59fd9ded60bc69fc4173e5a4846cb4b56dd363b1248dab583ff0a7fc376baaf9fa643a969b796a762dd35e00aecdd507cb86ff006800467d2bbb2ba8f0f5e32f43b71ce8e33012a12566d6e7ed2780d15ec61742af1b00432f39e2bb2b26fdd8af00ff008277dc6af7dfb2ff00877fb6350fed3b887ce861b8e1d9e0499d23dd8eac1028cf5e2bdfed1722bfa57035955a30aabaa3f93732a3ecb133a5d9d8b7175a9ea188735357a513848643c557ba8b7ad5a75c544cbbcfa54d45740739e20d3bed16cc31db15f2afed79f051757863d62d6db75e58b65caff1a72707d715f605fdb6e561ed5c6f8c7c2abaad9caae9b95948c57999860a189a4e9d4574cefcbf1b3c35553833f2dfc71e1e7d5e19e6859555bf7603704e3d7dc56178175199bc3978d1dca6a16f6a489e31912dbf1c6f1dc7b8afa5bf6a9fd9cef3c3c6eb52d1a266b5932d35b28e18ff00787a11ed5f29c3a65e784b59b8d52d6f5edeea58d48876165931c31c7e841afc1f89b86ea61a4da5a7467eefc379f431945296e743a269d66d23cc2382ea1994659ff840e9f9738fc2bcbbf6b0d3b47d57e176a90dce9eb770daa1d809dcc991c100fad7730789a1d52e5ee2cc5bd8dd09409ed0c81633c755cfa9ed593e2bb7d3fc552ad9de6d8ef2e546d00aba4b93c8201eb5f1b96e22ae0f131a8ef64cfabc560e9622938cd743f26755f850d6ba8c97569ba35eb1dbcc3685fa115cecba85f691a9bdbdf46d676f21caf1b8106befdf8d9fb12c2f75713692d716fe68f30da139193ce42ff8735f3e7c4afd9d354d0ed36b5a4d7caae43208bcc65e3a63a81fef648afe8aca78ab038c8c79a7695ba9f8c66dc278cc34dce82bc6f747063c6b6da17c3266f39a693cc548654931e483bb2a57be707f4ae32cfc6577683fd0aea68e3dc481e60f939e98aef5bf67cd2bfe11bb89ae9b54d2efd46f8edf89907be08ebff0215c1d8fc24fb6bb3c7a84c153e520db6c618e991b88fd4d7b19753a2d49e92bb3cbcdaa62a2a2e778dba23a6d13f695f14691308db5169d5b911cec19339e700f00601aeeb4bd67c4bad81ace8ba95c470c8af33db2cfe5f969ea706bc624f02ea16b7bb55ede6785f604b91b77ff00b4a3a11ec6b46dcebda6594f0db34a6395764c23215b61edc9fceaf1594d3959c2115f231c267d3a69aab36fb6bd4ebbc43f1a358b79229ad6faf8490a98e4c4afb8b333679cd65cbf1a750bab8dd7135cab64873e6bf19ebc67a9ef5d27ecf5fb1478d3f689d3f509b43b492d6c6cd42b5e5c104493852c2305411c8c73c60903b9ae77e32fc26d7be0c78b5bc3f7f19fb65ae3ed286712c720233b949518f5c66952a781e774124e4b7b231ad88c7a5ede4da4f63a8f85bfb525d78175c591751b9fb2b336448fbb6b1c9e33db38fceba2d7ff006f1f126b761e4fdaae1247fbf24248dd83ce0015e13aa5f28327d8f479269631f370768c9ea18715563d1351bc0cdf666b79b2426dcc81fdb2a303f1a9afc3797d4a9ed2a534d851e28c7463cb09b3ea0d2fe3ed8f8e34f96786e25b3d56cad52377ba9b265fef63bd60f857e2c4df1975cbeb0bc934fd3e3116c678e0c3baf6c31ef5f3d49e16d56394c7315592350c63f3496c06c75fe95afe05f05f88af3575fb1b340d18cf99bc1ddcf719f5ae7970fd0a5094a0d2ecfb1e8d3e26c5579420d3977f33e88d4ac2d7c31e1a963f27fb4e584f32dc31211476f4e0022aa68be3a93558a04d2ed5ae9a3daad1927041eebd8807bd77bf077f672d77c73e1358f5dba9b509114bba5b40db801c61c8cffe3a47bd7b6fc39fd95bfb034b8cae9d6ba4dbab60493baef7cf55ddfc23fd95af83c7e6984c2dd559fb492fb8fd0f0347175d2f631f6717f7981fb3b7c3abaf09c89ac6a50dbdd6a97283ca822e56d8e7ab62bd5afbfb435895a4bd679a320968a352155bd00aeab4ff000ff86be1ee88bfda5a94770149124364422311f754b3649fc39a24f8d76f169b32e9be1b86c961419be9c7ca98e40008dce715f9966198ac555e77b765b1f6583c3d6843912f9bdccbf03f87e6bd8f36fa7dd2b6eda3cc4f2d718e4926bd2fc13f0e63fecc89b55bcb5b3f37e73045286603af5af148f5bf1278ada4bcf275792d071955fb3c6e4f7e41e3af523b552d57c1baf246b2cf7b78aac15a356d497f760f5edd876ac237b7b9b1b4b2f8c9fef25a9f40eade27f06fc300d2feeee2f36f9a0cabb89079181d2b8fd43f6b4bef153bc1a2dbf9d7172c5098d0e13f13d2bcef4ff0d59eb7651add6fb86538795e6063c93ce0902a387c61a7fc3c5bc8e1362b8e2d628e67cc991c9720003e809fa9ada95172df7f22a146953d22aefccec24bbd463b84b8d43fd26f9b716567f9100e79f5e2bcdfe2878fe4b168da390fda2671183bb8c77007b74ae1be267ed1ba859f87d6e6dc436ff7b72aa6d2f83b587393d7f11d071547c01a4eb5f143c4563792490bdd4732978026f619c10a9eacdc7eb5f4781caea5d4e68f3f158ca714db7b1fb6bff04b8bb6d47f630f08c8d0b40ea2e03061c93e7bfcdf8d7d256ca552bccff656f021f869f02fc2fa3329592d2c633282bb4f98d86718edc93c57a9471e3bd7eef95d370c3422fa23f9a736aaaa62ea4e3b36c9a25a929b18e29c2bd63cd1ac38a6b0cd494d618a00af347b96b36fac55d4f15aceb514b1798b58d485d151959dcf38f1f782a1d734c9a39220c8c082315f0dfed43fb29c9a3ea336a5a646c4e4bba95e09f5fafbd7e8d5fe96250dc76ae2bc6ff0fadf5bb69125852459148c115e566180a78a8385447a597665530d514a0ec7e1e7ed096fe20d1ee56e2d6328b62eb25d22aed91a31c1c8efeb563e12f8f349d4f41b8b89aea2be6d3e405195b0e0e0718ea2befefda63f632b7d761b89e083cbce7955e41c57e69fc77fd8dfc51f05fc4f3eb1e1b66905c39fb5dab1db1c89ea074047af535f9ae65c1f195e30d2c7eb594f1a2a9054eb1ed97fe278bc41651cd2dbeeb4b86055d0ee6b7238208f4f715cfeb7e0b5d43508aea16b49036f5ddd0b67a8cf5cd7977803e24ea579676fa7ee86cb56b488aac52b73747a723bf15df59f8e6e2d9ece5d41974fba6622661109a171bba9c90413eb93f4afcdf1d97e2b0551c55fc8fd130d5a85782953b1435af80f69ac787cc434bfb1ee6c6e9904a0faf4e95e5bf107f644d3d74eba8e18a3565da720375049e38afa8f48f18e937ba64d6ed7da5dcdbb2012a3315c9fc323f322a2d43c39a7ea5651c36b67e646ca72f0ca02aaff000e72589e3d2b7c0f1163f0d2bc66d1c58cc050abeed685cfce2f16fece1af689a7cd72f6577756ead955607cc4ef9e3e878ae5b44f067882e2593c8b3d436ee2b974dabfad7e9add7c30b8b28956de6d35998aa882e26299049e738c5721f103e024de2589a39974db49548726d6e444c847a118247d335f7582f116bb8f2558a7e67c862b81f0556778fba8f973c1f75f12b4af05c7a069ba84fa1d8c28c50412fef252c30723b66bc97c5ff0d3c4c3539ae2f96e2f6e5bfd64f7b266462383cf7afb275ef825a94d135c49ab58cd2471f9717fa439048e808ef8f4eb587a8fecf7aedd690b1c96fa7492b6d2ec55f38efb4312457460f8c234aacaa452d5ee7563783a956a2a94a6f4d8f93fc0df0b26f146a10dbde4905ba4d21855490aa98e4e39ebdabd17c33f026633c96bf68b782166dab23805c2faf1debdb62fd9f24b49e39919a286dd76f92cbb14b630483d73ec69d69a2de784fc4b6979f6958ac76f9521951584607f105c8249f52715b62b8dab546fd832703c0f84a30b54d4f3fb2fd9cd6f923b6b5692e19a528cd1c3f2b8c72003efcd7a57c3ff00d9274ed22fa1b9fb342a2323734b27231db6f6f7adb6f880b7f730ad8ea1a86e61924586319eb864700f0074e99ad7b77d49ecbcbb7b566790677cb70c5fdf90067e9923dcd7ca661c4398568f24e564cfa4c2f0fe0693528415d1e8897b2786b49b7fec15b3fb75c308ef7683f2c63fba3a724fe38ac5f1ff008c74cfb7489a84de7c5e60dca492cfdf279c8fc01c573d6497f64f1c735c3da6e504aa47c73ce38e1482075e9597ad78634db2be2d72d35c5bb10ad23bee67279e3d31ea3ad7cb7b15297bfa9ecc654e0eed966ebe3b5be97fbad374cb548724192726420fbe45646b9f1dfc43aa3ac7f6a923831b9556dc2a8f5c66b57c4abe1f4b36fb2c70c1e4e18b2c47f7b8e7071df8c67deb9b7bfb1bcb5b8fdcb0ba0c1b0e0b331ce78279e86bba8d2c3ad1444b15cda223d77e305f6b712c6bf6c9bcb2b932cbf773e83b7e15b5a36b5786c5e7ba92dd963e173ce73d6b9f9f46ba532793677170c18798e91b1da7bf38c7e75a1a3e8325b44b757f22dbc11be3ca2c0cac3d7dbf0addf23d22825885b0e3e336d2b500d1eeb95c6d0371009dd806b96f1d5bf89bc42f2c765a79b750301bcb2700f70dd493e95bbae78df49d0a58974db7fb5dcb42546e6dc15b2d839f5191f95741f0dbc2be20f8c5abeefb5de8f9c2ee5ca4317aed518e6bd1cbf055e525eca37670e371b0a30752b3e5470df023f633d7be24f8ae1b55b4bcd43526957f772365620dc877ec38cf1d4715faabfb05ff00c135f47f819a9dbf887c406d754d7f70952358f305b483bffb473d0d52fd89fe0ac1f0abc3be5a979ee676f327b975c3c8defdebebdf09c5b7cbdbc771ed5fad6539472c54b10b5ec7e23c43c4b3af5251a0fddee765a3fcb85fcb22b62138ac7d2a2db8ad68bb7d2beae27c1caf7d4b69f7296a389aa4adc90c628232282f91d0d00e6801bb70b4d2bf8549462802bc916f5aa573a7f9ab5a2572dd29a63a894501c6f88fc2116a113abc790c3f3af0bf8c5fb28e9fe2fb59992dd55981e318c9afa867b5128e7e9599a8686b303919e3038ae6a9878cf735a755c5e8cfc7bfda7bfe09d2dfdabfda160b369ba85b932417112f28dea31eb5f33f8a34df1cfc21bf76f1058dc6b16c24c3dd5b28dc8a3d63e9f8d7ef3f8cbe14d9f882ce486686360c31c8af9dbe30fec716ba8acad1dba4c841e3674af9bcc321a15d5a4b73ea72ce26c4e1aca323f2f7c3de3ad0bc7fe19b8fec9b856966389a174d93c6de854fa7ad5cf077f69782a5b8923f33c9910fc8e772bfd7d2be91f88bff0004fbb58f5692f6cad05a5e60832c69b58fb1e39af30f12fece3e32f0a656dee23b8b753ca4d1751f5afce331e0d9c1b5436fc4fd3b2be3aa3522962347dccff0beaf0f8ab438d75885269a44626340d22edea3af7af35f1d7c59b1f085c5ddabde5f58adb9f25437dcc740a07b74aea34993c59f0eae1bcfd355e3f9b747183f3e7d09e2bcdfe207856d3e2fea8d36b1633697756a77207c80fef94ea3eb5e050c8674aadab45d8fa6a39d61ea7c3244d3eb335ef8736e97796b3ee3e60fdfec9243d481f4a9be1f78af5982cef6e2fa49a4b36508b14cc5d666ddced23a63f5ae6b59f86cb6ba6edd2efb478de301b2931dcdea1949ce4fe95817baff008d7c17a84a965145696eea07eea4dcc3e8a5b26bbf0f94a9c1c29f7eba0eb63a8f3295ff0013d9e1f10cd25b35b32f971a4648db174279fd2b393c45677173109239ae238f2176c7851fe7dab83d0be2f78ba7d2a383fb4becb2372d713e9a5f03b8247435d67863c71751582b5c5c69f74d1e4a4d948d8f3fdd3cd7056ca6ad0ff8074d3c5539bbf31d059ea6d78922d969b337964602c478f7cf415b11687e26d49ade44b74b78973967982be09e3a7eb5c8ebbf12fc42d3a3595bdac9bd3248b90840ec704118acb8fe2e78a2f626b6373a6417e57281d8b281fef03fe159c32dc45557615311493b732fbcf5f93c08b347b752d4406566dc211bb071eb8f71d3d2b3af745f0d68e1d6e6ea465ddf78cbb8b63b9eff009d7969d575bbfd311b52f125ac3372644b585a63d7a0230d93ef902a8dd782e6f13c77122b6acb91fbb0e85c96fae140aeac370f62272b4aff00238e7996068ae69cd1e8d79e3df0bd85dadb5a79370c5b98e43b838c7a1e86b1f50f1de8b03bcdbb6dceecc5f2001c9edf874ae33c2bfb31f88b50ba598c621b8e3f7990188edc0e2bd3fc23fb1a5e6a33c325e5c4f23f05be5c64f7afa1a5c2324ef76791578cb054f6661c1f122f64b47468edd4311f22e5b7676f24f73c1e3deb9a97e1ceafe3cd6e4f3d6f26b712662032a9b73dc0e3a57d55e02fd916d6d1554db3c9274cb0af60f047eccf1d822f976c8af9c636f4af7305c1f4e0f9a6cf9ec678815355423f33e5ef84dfb25c57176b24d671ec24614a7cbf957d61f087e0143a1a42915bed65c7f0d7a67823e03ac5e5ab46c3691d057af7857e1aae9f1a663552bdf1c9afabc165b470ead4d6bdcf83ccb3dc462a5cd565f2337e19f83bfb36241e5f3803915eb7e1dd3bca8d7b15aada1787d61556dbc76e2ba8d334b2a395ef5ecd38b3e66aceef42d69d1702b4235c7ad36dedb60ab11475d71818846b526681c7ff00aa8ad0033453b83eb4da0028a297eed002535973526ef6a69a008d9722a368f8ab046ea694a2c0539ad965ed542fbc3f1dc654ae4356cb2629ad06e3f5a9704c0e175ff85161aac6cb25bc6491d71cd79f78a7f663b1be56312edddedd6bde5e0cf1514960aebca83f8572d4c2c24b546d0af28fc27c81e2afd8ee2b98dc1b549319e82bcb3c59fb10d94f1c8bf6155ea31e58c7f2afd0b9f474950fcbfa566ea1e0db7bc5c3471b71deb86a657192d19d94f32a913f2dfc45fb03e9efb95b4f86418c60c63fc2b9db9fd82ec603c582c79e9b46315fa95a87c20b3bbdc44639f6ac9b9f8196b28398d6b96596a5a597dc757f6b55eff89f98f1fec356f182ab6ec377539351b7ec2f1c92e64b46919780cc4f4fad7e95cdf0120dd9f2d33e98eb48bf03e1873fba50c7d2b396571eb15f71b433aadfccfef3f3693f615b18632c74fdd231eb9e055bd3bf62cb1b338fece8ce4e4fc83afe55fa2b3fc0d88f2615fa81507fc290817fe58b37e14e9e5f18fd9fc0279c5592d64d9f05e9ff00b225bc270b6318e7a841d3f2ae9b42fd95e38b6ffa3a81e9b7a57da907c1b8603930e7db157adbe15c087fd4815d31a2d6891c72c6b7a9f25e91fb35c50328f27e6ce4f15db685fb3cc31846683d31c57d1b6df0d6343f2c2b9cf7ad4b1f0115fe1da3d315a468c9ee632c575478c7873e0ac71ed3e5a8c74aec346f8631db95cc7f37b0af4eb1f04c7132d6a41e1e8625fbbfa574c30afa98cb10d9c3e91e095b761fbbefd40ae86cbc3be5b0c2e2ba1834f8e1fba2a658056f1c3d8e7949bdccfb4d1d5179abf05a8502a658b14e540a6ba231489111719fca9c3814538018e86a804eb4631eb4bc03de9c3a500353a534f5a28a0029cdd0514500368a28a007274a69eb4514008ff7690f55a28a0069eb48bdfeb451532005eff5a6a7f17d68a2a496412f514d3d68a2a7a9446bf74d427efd1451201f37ddaad45159c8a8909ff59f8d4d0f5a28a90916a1e82aca7dda28ad22492a76a928a2b688045f7bf1a0f5a28aa0248fa8a928a280233d6a41d28a2800a28a2803ffd9, NULL, NULL);

--
-- Indexek a kiírt táblákhoz
--

--
-- A tábla indexei `catalogue`
--
ALTER TABLE `catalogue`
  ADD PRIMARY KEY (`id`),
  ADD KEY `FK_Category` (`category_id`),
  ADD KEY `FK_Site` (`site_id`);

--
-- A tábla indexei `category`
--
ALTER TABLE `category`
  ADD PRIMARY KEY (`id`);

--
-- A tábla indexei `groups`
--
ALTER TABLE `groups`
  ADD PRIMARY KEY (`groups`);

--
-- A tábla indexei `loan`
--
ALTER TABLE `loan`
  ADD PRIMARY KEY (`loan`),
  ADD KEY `FK_Category` (`loan_category`) USING BTREE;

--
-- A tábla indexei `loancategory`
--
ALTER TABLE `loancategory`
  ADD PRIMARY KEY (`loancategory`),
  ADD KEY `FK_Category` (`loancategory`);

--
-- A tábla indexei `site`
--
ALTER TABLE `site`
  ADD PRIMARY KEY (`id`);

--
-- A tábla indexei `transaction`
--
ALTER TABLE `transaction`
  ADD PRIMARY KEY (`transaction`),
  ADD KEY `FK_Category` (`transaction`);

--
-- A tábla indexei `user`
--
ALTER TABLE `user`
  ADD PRIMARY KEY (`id`),
  ADD UNIQUE KEY `unique_id` (`unique_id`),
  ADD KEY `FK_Site_User` (`default_site_id`);

--
-- A kiírt táblák AUTO_INCREMENT értéke
--

--
-- AUTO_INCREMENT a táblához `catalogue`
--
ALTER TABLE `catalogue`
  MODIFY `id` int(11) NOT NULL AUTO_INCREMENT,AUTO_INCREMENT=251;
--
-- AUTO_INCREMENT a táblához `category`
--
ALTER TABLE `category`
  MODIFY `id` int(11) NOT NULL AUTO_INCREMENT,AUTO_INCREMENT=20;
--
-- AUTO_INCREMENT a táblához `groups`
--
ALTER TABLE `groups`
  MODIFY `groups` int(11) NOT NULL AUTO_INCREMENT,AUTO_INCREMENT=2;
--
-- AUTO_INCREMENT a táblához `loan`
--
ALTER TABLE `loan`
  MODIFY `loan` int(11) NOT NULL AUTO_INCREMENT,AUTO_INCREMENT=2;
--
-- AUTO_INCREMENT a táblához `loancategory`
--
ALTER TABLE `loancategory`
  MODIFY `loancategory` int(11) NOT NULL AUTO_INCREMENT,AUTO_INCREMENT=6;
--
-- AUTO_INCREMENT a táblához `site`
--
ALTER TABLE `site`
  MODIFY `id` int(11) NOT NULL AUTO_INCREMENT,AUTO_INCREMENT=8;
--
-- AUTO_INCREMENT a táblához `transaction`
--
ALTER TABLE `transaction`
  MODIFY `transaction` int(11) NOT NULL AUTO_INCREMENT,AUTO_INCREMENT=7;
--
-- AUTO_INCREMENT a táblához `user`
--
ALTER TABLE `user`
  MODIFY `id` int(11) NOT NULL AUTO_INCREMENT,AUTO_INCREMENT=8;
--
-- Megkötések a kiírt táblákhoz
--

--
-- Megkötések a táblához `catalogue`
--
ALTER TABLE `catalogue`
  ADD CONSTRAINT `FK_Category` FOREIGN KEY (`category_id`) REFERENCES `category` (`id`),
  ADD CONSTRAINT `FK_Site` FOREIGN KEY (`site_id`) REFERENCES `site` (`id`);

--
-- Megkötések a táblához `user`
--
ALTER TABLE `user`
  ADD CONSTRAINT `FK_Site_User` FOREIGN KEY (`default_site_id`) REFERENCES `site` (`id`);

/*!40101 SET CHARACTER_SET_CLIENT=@OLD_CHARACTER_SET_CLIENT */;
/*!40101 SET CHARACTER_SET_RESULTS=@OLD_CHARACTER_SET_RESULTS */;
/*!40101 SET COLLATION_CONNECTION=@OLD_COLLATION_CONNECTION */;
